ID,Wilayah,Tempat Wisata,Tahun,Wisnus,Wisman
1,DENPASAR CITY,Museum Bali,2020,4248,3082
2,DENPASAR CITY,Museum Bali,2021,1991,86
3,DENPASAR CITY,Museum Bali,2022,11535,6553
4,DENPASAR CITY,Museum Bali,2023,18230,13803
5,DENPASAR CITY,Museum Bali,2024,24796,13835
6,DENPASAR CITY,Museum Le Mayuer,2020,1345,413
7,DENPASAR CITY,Museum Le Mayuer,2021,131,1
8,DENPASAR CITY,Museum Le Mayuer,2022,845,707
9,DENPASAR CITY,Museum Le Mayuer,2023,1984,1848
10,DENPASAR CITY,Museum Le Mayuer,2024,3816,1466
11,DENPASAR CITY,Taman Budaya art centre,2020,717,93
12,DENPASAR CITY,Taman Budaya art centre,2021,1903,12
13,DENPASAR CITY,Taman Budaya art centre,2022,9895,439
14,DENPASAR CITY,Taman Budaya art centre,2023,3720,917
15,DENPASAR CITY,Taman Budaya art centre,2024,621,212
16,DENPASAR CITY,Pulau Serangan,2020,2395,2595
17,DENPASAR CITY,Pulau Serangan,2021,1404,214
18,DENPASAR CITY,Pulau Serangan,2022,0,0
19,DENPASAR CITY,Pulau Serangan,2023,0,0
20,DENPASAR CITY,Pulau Serangan,2024,0,0
21,DENPASAR CITY,Prasasti Blanjong,2020,0,0
22,DENPASAR CITY,Prasasti Blanjong,2021,73,0
23,DENPASAR CITY,Prasasti Blanjong,2022,42,14
24,DENPASAR CITY,Prasasti Blanjong,2023,8,6
25,DENPASAR CITY,Prasasti Blanjong,2024,69,10
26,DENPASAR CITY,Pasar Kumbasari,2020,0,1319
27,DENPASAR CITY,Pasar Kumbasari,2021,0,0
28,DENPASAR CITY,Pasar Kumbasari,2022,0,576
29,DENPASAR CITY,Pasar Kumbasari,2023,4775,2478
30,DENPASAR CITY,Pasar Kumbasari,2024,10162,7670
31,DENPASAR CITY,Pasar Badung,2020,0,2660
32,DENPASAR CITY,Pasar Badung,2021,0,0
33,DENPASAR CITY,Pasar Badung,2022,157,6769
34,DENPASAR CITY,Pasar Badung,2023,18737,13924
35,DENPASAR CITY,Pasar Badung,2024,19705,15058
36,DENPASAR CITY,Museum Lukisan Sidik Jari,2020,147,14
37,DENPASAR CITY,Museum Lukisan Sidik Jari,2021,223,23
38,DENPASAR CITY,Museum Lukisan Sidik Jari,2022,199,5
39,DENPASAR CITY,Museum Lukisan Sidik Jari,2023,325,10
40,DENPASAR CITY,Museum Lukisan Sidik Jari,2024,204,19
41,DENPASAR CITY,Monumen Perjuangan Rakyat Bali,2020,37443,4736
42,DENPASAR CITY,Monumen Perjuangan Rakyat Bali,2021,6325,198
43,DENPASAR CITY,Monumen Perjuangan Rakyat Bali,2022,98482,7222
44,DENPASAR CITY,Monumen Perjuangan Rakyat Bali,2023,101998,15404
45,DENPASAR CITY,Monumen Perjuangan Rakyat Bali,2024,184783,12096
46,DENPASAR CITY,Desa Budaya Kertalangu,2020,4027,95
47,DENPASAR CITY,Desa Budaya Kertalangu,2021,4770,0
48,DENPASAR CITY,Desa Budaya Kertalangu,2022,107013,0
49,DENPASAR CITY,Desa Budaya Kertalangu,2023,0,0
50,DENPASAR CITY,Desa Budaya Kertalangu,2024,0,0
51,DENPASAR CITY,Pura Maspahit Grenceng,2020,0,0
52,DENPASAR CITY,Pura Maspahit Grenceng,2021,68,5
53,DENPASAR CITY,Pura Maspahit Grenceng,2022,235,93
54,DENPASAR CITY,Pura Maspahit Grenceng,2023,154,1402
55,DENPASAR CITY,Pura Maspahit Grenceng,2024,108,509
56,DENPASAR CITY,Keris Dance,2020,375,6300
57,DENPASAR CITY,Keris Dance,2021,28,0
58,DENPASAR CITY,Keris Dance,2022,0,0
59,DENPASAR CITY,Keris Dance,2023,0,0
60,DENPASAR CITY,Keris Dance,2024,0,0
61,DENPASAR CITY,Pura Maospahit Tonja,2020,0,0
62,DENPASAR CITY,Pura Maospahit Tonja,2021,20,2
63,DENPASAR CITY,Pura Maospahit Tonja,2022,155,0
64,DENPASAR CITY,Pura Maospahit Tonja,2023,105,0
65,DENPASAR CITY,Pura Maospahit Tonja,2024,0,0
66,DENPASAR CITY,Taman Inspirasi (Muntig Siokan Mertasari ),2020,0,0
67,DENPASAR CITY,Taman Inspirasi (Muntig Siokan Mertasari ),2021,61991,949
68,DENPASAR CITY,Taman Inspirasi (Muntig Siokan Mertasari ),2022,60922,4655
69,DENPASAR CITY,Taman Inspirasi (Muntig Siokan Mertasari ),2023,19196,663
70,DENPASAR CITY,Taman Inspirasi (Muntig Siokan Mertasari ),2024,11353,4155
71,DENPASAR CITY,Pantai Matahari Terbit Dan Bali Beach,2020,0,0
72,DENPASAR CITY,Pantai Matahari Terbit Dan Bali Beach,2021,201967,7189
73,DENPASAR CITY,Pantai Matahari Terbit Dan Bali Beach,2022,446469,96553
74,DENPASAR CITY,Pantai Matahari Terbit Dan Bali Beach,2023,126705,12071
75,DENPASAR CITY,Pantai Matahari Terbit Dan Bali Beach,2024,664903,18519
76,DENPASAR CITY,Pantai Duyung,2020,0,0
77,DENPASAR CITY,Pantai Duyung,2021,12732,542
78,DENPASAR CITY,Pantai Duyung,2022,26543,1780
79,DENPASAR CITY,Pantai Duyung,2023,49803,6860
80,DENPASAR CITY,Pantai Duyung,2024,59712,8815
81,DENPASAR CITY,Pantai Kusumasari,2020,0,0
82,DENPASAR CITY,Pantai Kusumasari,2021,11855,513
83,DENPASAR CITY,Pantai Kusumasari,2022,27877,1585
84,DENPASAR CITY,Pantai Kusumasari,2023,49454,5912
85,DENPASAR CITY,Pantai Kusumasari,2024,57999,7764
86,DENPASAR CITY,Pantai Cemara Alit,2020,0,0
87,DENPASAR CITY,Pantai Cemara Alit,2021,3068,99
88,DENPASAR CITY,Pantai Cemara Alit,2022,8744,1098
89,DENPASAR CITY,Pantai Cemara Alit,2023,23057,5833
90,DENPASAR CITY,Pantai Cemara Alit,2024,30981,8220
91,DENPASAR CITY,Pantai Pengembak dan Pantai Sukamerta,2020,0,0
92,DENPASAR CITY,Pantai Pengembak dan Pantai Sukamerta,2021,21542,757
93,DENPASAR CITY,Pantai Pengembak dan Pantai Sukamerta,2022,45958,2865
94,DENPASAR CITY,Pantai Pengembak dan Pantai Sukamerta,2023,83572,9168
95,DENPASAR CITY,Pantai Pengembak dan Pantai Sukamerta,2024,100141,11065
96,DENPASAR CITY,Pantai Semawang,2020,0,0
97,DENPASAR CITY,Pantai Semawang,2021,33362,1506
98,DENPASAR CITY,Pantai Semawang,2022,0,0
99,DENPASAR CITY,Pantai Semawang,2023,0,0
100,DENPASAR CITY,Pantai Semawang,2024,0,0
101,DENPASAR CITY,Pantai Sindhu,2020,0,0
102,DENPASAR CITY,Pantai Sindhu,2021,0,0
103,DENPASAR CITY,Pantai Sindhu,2022,89377,2465
104,DENPASAR CITY,Pantai Sindhu,2023,113728,7646
105,DENPASAR CITY,Pantai Sindhu,2024,140618,10598
106,DENPASAR CITY,Pantai Segara Ayu,2020,0,0
107,DENPASAR CITY,Pantai Segara Ayu,2021,34662,1751
108,DENPASAR CITY,Pantai Segara Ayu,2022,86225,3074
109,DENPASAR CITY,Pantai Segara Ayu,2023,115367,8475
110,DENPASAR CITY,Pantai Segara Ayu,2024,159617,10968
111,DENPASAR CITY,Pantai Karang ,2020,0,0
112,DENPASAR CITY,Pantai Karang ,2021,20860,634
113,DENPASAR CITY,Pantai Karang ,2022,53000,2163
114,DENPASAR CITY,Pantai Karang ,2023,68174,7903
115,DENPASAR CITY,Pantai Karang ,2024,49569,9790
116,DENPASAR CITY,Teba Majalangu,2020,0,0
117,DENPASAR CITY,Teba Majalangu,2021,0,0
118,DENPASAR CITY,Teba Majalangu,2022,30296,24
119,DENPASAR CITY,Teba Majalangu,2023,0,0
120,DENPASAR CITY,Teba Majalangu,2024,28608,27
121,DENPASAR CITY,Tukad Bindu,2020,0,0
122,DENPASAR CITY,Tukad Bindu,2021,0,0
123,DENPASAR CITY,Tukad Bindu,2022,7177,36
124,DENPASAR CITY,Tukad Bindu,2023,8732,22
125,DENPASAR CITY,Tukad Bindu,2024,14392,2
126,DENPASAR CITY,Pasar Sindhu,2020,0,0
127,DENPASAR CITY,Pasar Sindhu,2021,0,0
128,DENPASAR CITY,Pasar Sindhu,2022,0,0
129,DENPASAR CITY,Pasar Sindhu,2023,13875,45702
130,DENPASAR CITY,Pasar Sindhu,2024,18667,43781
131,DENPASAR CITY,Puri Agung Jro Kuta,2020,0,0
132,DENPASAR CITY,Puri Agung Jro Kuta,2021,0,0
133,DENPASAR CITY,Puri Agung Jro Kuta,2022,49,135
134,DENPASAR CITY,Puri Agung Jro Kuta,2023,40,101
135,DENPASAR CITY,Puri Agung Jro Kuta,2024,0,0
136,DENPASAR CITY,Big Garden Coner ,2020,0,0
137,DENPASAR CITY,Big Garden Coner ,2021,0,0
138,DENPASAR CITY,Big Garden Coner ,2022,19069,2276
139,DENPASAR CITY,Big Garden Coner ,2023,14150,5864
140,DENPASAR CITY,Big Garden Coner ,2024,14984,7437
141,DENPASAR CITY,Kebon Vintage,2020,0,0
142,DENPASAR CITY,Kebon Vintage,2021,0,0
143,DENPASAR CITY,Kebon Vintage,2022,16447,2170
144,DENPASAR CITY,Kebon Vintage,2023,4538,4891
145,DENPASAR CITY,Kebon Vintage,2024,1595,4080
146,DENPASAR CITY,Bali Exotic Marine Park,2020,0,0
147,DENPASAR CITY,Bali Exotic Marine Park,2021,0,0
148,DENPASAR CITY,Bali Exotic Marine Park,2022,10857,5079
149,DENPASAR CITY,Bali Exotic Marine Park,2023,8659,10919
150,DENPASAR CITY,Bali Exotic Marine Park,2024,4811,22531
151,DENPASAR CITY,Duta Orchid Garden,2020,0,0
152,DENPASAR CITY,Duta Orchid Garden,2021,0,0
153,DENPASAR CITY,Duta Orchid Garden,2022,9019,3716
154,DENPASAR CITY,Duta Orchid Garden,2023,9188,6190
155,DENPASAR CITY,Duta Orchid Garden,2024,13097,5954
156,DENPASAR CITY,TCEC,2020,0,0
157,DENPASAR CITY,TCEC,2021,0,0
158,DENPASAR CITY,TCEC,2022,5760,13624
159,DENPASAR CITY,TCEC,2023,9265,33827
160,DENPASAR CITY,TCEC,2024,14711,52311
161,DENPASAR CITY,Museum 3D,2020,0,0
162,DENPASAR CITY,Museum 3D,2021,0,0
163,DENPASAR CITY,Museum 3D,2022,950,289
164,DENPASAR CITY,Museum 3D,2023,933,176
165,DENPASAR CITY,Museum 3D,2024,0,0
166,DENPASAR CITY,Sekaa Barong dan Keris Sari Wisata Budaya,2020,0,0
167,DENPASAR CITY,Sekaa Barong dan Keris Sari Wisata Budaya,2021,0,0
168,DENPASAR CITY,Sekaa Barong dan Keris Sari Wisata Budaya,2022,6995,5739
169,DENPASAR CITY,Sekaa Barong dan Keris Sari Wisata Budaya,2023,14297,13215
170,DENPASAR CITY,Sekaa Barong dan Keris Sari Wisata Budaya,2024,11184,9931
171,DENPASAR CITY,Sekaa Barong dan Keris Uma Dewi Budaya  ,2020,0,0
172,DENPASAR CITY,Sekaa Barong dan Keris Uma Dewi Budaya  ,2021,0,0
173,DENPASAR CITY,Sekaa Barong dan Keris Uma Dewi Budaya  ,2022,0,0
174,DENPASAR CITY,Sekaa Barong dan Keris Uma Dewi Budaya  ,2023,3781,1632
175,DENPASAR CITY,Sekaa Barong dan Keris Uma Dewi Budaya  ,2024,0,0
176,DENPASAR CITY,Pantai Mertasari,2020,0,0
177,DENPASAR CITY,Pantai Mertasari,2021,0,0
178,DENPASAR CITY,Pantai Mertasari,2022,80577,4321
179,DENPASAR CITY,Pantai Mertasari,2023,130334,11437
180,DENPASAR CITY,Pantai Mertasari,2024,198585,12473
181,DENPASAR CITY,Desa Wisata Kesiman Kertalangu,2020,0,0
182,DENPASAR CITY,Desa Wisata Kesiman Kertalangu,2021,0,0
183,DENPASAR CITY,Desa Wisata Kesiman Kertalangu,2022,0,0
184,DENPASAR CITY,Desa Wisata Kesiman Kertalangu,2023,146764,203
185,DENPASAR CITY,Desa Wisata Kesiman Kertalangu,2024,110889,130
186,DENPASAR CITY,Citraland Water Park Denpasar ,2020,0,0
187,DENPASAR CITY,Citraland Water Park Denpasar ,2021,0,0
188,DENPASAR CITY,Citraland Water Park Denpasar ,2022,0,0
189,DENPASAR CITY,Citraland Water Park Denpasar ,2023,63878,0
190,DENPASAR CITY,Citraland Water Park Denpasar ,2024,74773,1229
191,DENPASAR CITY,Trans Studio Mall,2020,0,0
192,DENPASAR CITY,Trans Studio Mall,2021,0,0
193,DENPASAR CITY,Trans Studio Mall,2022,0,0
194,DENPASAR CITY,Trans Studio Mall,2023,27838,8532
195,DENPASAR CITY,Trans Studio Mall,2024,17382,7565
196,DENPASAR CITY,Sekaa Barong Eka Budhi,2020,0,0
197,DENPASAR CITY,Sekaa Barong Eka Budhi,2021,0,0
198,DENPASAR CITY,Sekaa Barong Eka Budhi,2022,0,0
199,DENPASAR CITY,Sekaa Barong Eka Budhi,2023,22544,487
200,DENPASAR CITY,Sekaa Barong Eka Budhi,2024,11081,6539
201,DENPASAR CITY,Museum Up Side Down,2020,0,0
202,DENPASAR CITY,Museum Up Side Down,2021,0,0
203,DENPASAR CITY,Museum Up Side Down,2022,0,0
204,DENPASAR CITY,Museum Up Side Down,2023,0,0
205,DENPASAR CITY,Museum Up Side Down,2024,5967,9261
206,DENPASAR CITY,Ekowisata Batulumbang,2020,0,0
207,DENPASAR CITY,Ekowisata Batulumbang,2021,0,0
208,DENPASAR CITY,Ekowisata Batulumbang,2022,0,0
209,DENPASAR CITY,Ekowisata Batulumbang,2023,0,0
210,DENPASAR CITY,Ekowisata Batulumbang,2024,21299,345
211,DENPASAR CITY,Pantai Giri Emas,2020,0,0
212,DENPASAR CITY,Pantai Giri Emas,2021,0,0
213,DENPASAR CITY,Pantai Giri Emas,2022,0,0
214,DENPASAR CITY,Pantai Giri Emas,2023,0,0
215,DENPASAR CITY,Pantai Giri Emas,2024,771,4
216,BADUNG REGENCY,Sangeh,2020,37265,14221
217,BADUNG REGENCY,Sangeh,2021,29521,1290
218,BADUNG REGENCY,Sangeh,2022,1831,2004
219,BADUNG REGENCY,Sangeh,2023,26334,53973
220,BADUNG REGENCY,Sangeh,2024,38568,99782
221,BADUNG REGENCY,Taman Ayun,2020,14464,45272
222,BADUNG REGENCY,Taman Ayun,2021,11719,535
223,BADUNG REGENCY,Taman Ayun,2022,450850,83833
224,BADUNG REGENCY,Taman Ayun,2023,22814,192690
225,BADUNG REGENCY,Taman Ayun,2024,22812,204943
226,BADUNG REGENCY,Uluwatu,2020,142615,256223
227,BADUNG REGENCY,Uluwatu,2021,144646,6686
228,BADUNG REGENCY,Uluwatu,2022,450850,480884
229,BADUNG REGENCY,Uluwatu,2023,526558,1150979
230,BADUNG REGENCY,Uluwatu,2024,509477,1328680
231,BADUNG REGENCY,Air Terjun Nungnung,2020,5125,10978
232,BADUNG REGENCY,Air Terjun Nungnung,2021,2372,1371
233,BADUNG REGENCY,Air Terjun Nungnung,2022,2280,17398
234,BADUNG REGENCY,Air Terjun Nungnung,2023,2741,36142
235,BADUNG REGENCY,Air Terjun Nungnung,2024,3072,32332
236,BADUNG REGENCY,Pantai Pandawa,2020,537216,48315
237,BADUNG REGENCY,Pantai Pandawa,2021,362158,6877
238,BADUNG REGENCY,Pantai Pandawa,2022,900115,52438
239,BADUNG REGENCY,Pantai Pandawa,2023,1168485,290839
240,BADUNG REGENCY,Pantai Pandawa,2024,1703123,357730
241,BADUNG REGENCY,Pantai Labuan Sait,2020,27044,77779
242,BADUNG REGENCY,Pantai Labuan Sait,2021,28242,8021
243,BADUNG REGENCY,Pantai Labuan Sait,2022,93953,207218
244,BADUNG REGENCY,Pantai Labuan Sait,2023,94802,362791
245,BADUNG REGENCY,Pantai Labuan Sait,2024,90421,379360
246,BADUNG REGENCY,Pancoran Solas ,2020,0,0
247,BADUNG REGENCY,Pancoran Solas ,2021,0,0
248,BADUNG REGENCY,Pancoran Solas ,2022,46235,1630
249,BADUNG REGENCY,Pancoran Solas ,2023,54404,7320
250,BADUNG REGENCY,Pancoran Solas ,2024,59323,16706
251,BADUNG REGENCY,Water Blow,2020,0,0
252,BADUNG REGENCY,Water Blow,2021,0,0
253,BADUNG REGENCY,Water Blow,2022,28445,17327
254,BADUNG REGENCY,Water Blow,2023,28001,35493
255,BADUNG REGENCY,Water Blow,2024,25990,32297
256,GIANYAR REGENCY,Goa Gajah,2020,7449,45019
257,GIANYAR REGENCY,Goa Gajah,2021,6068,1441
258,GIANYAR REGENCY,Goa Gajah,2022,14361,93552
259,GIANYAR REGENCY,Goa Gajah,2023,13720,216108
260,GIANYAR REGENCY,Goa Gajah,2024,9827,203025
261,GIANYAR REGENCY,Gn. Kawi Tampak Siring,2020,3844,21652
262,GIANYAR REGENCY,Gn. Kawi Tampak Siring,2021,3229,1065
263,GIANYAR REGENCY,Gn. Kawi Tampak Siring,2022,6498,54352
264,GIANYAR REGENCY,Gn. Kawi Tampak Siring,2023,5501,99482
265,GIANYAR REGENCY,Gn. Kawi Tampak Siring,2024,3982,82677
266,GIANYAR REGENCY,Gn. Kawi Sebatu,2020,419,8486
267,GIANYAR REGENCY,Gn. Kawi Sebatu,2021,334,279
268,GIANYAR REGENCY,Gn. Kawi Sebatu,2022,1287,17972
269,GIANYAR REGENCY,Gn. Kawi Sebatu,2023,2609,65293
270,GIANYAR REGENCY,Gn. Kawi Sebatu,2024,2406,76286
271,GIANYAR REGENCY,Tirta Empul,2020,46132,150285
272,GIANYAR REGENCY,Tirta Empul,2021,42062,3895
273,GIANYAR REGENCY,Tirta Empul,2022,116263,326855
274,GIANYAR REGENCY,Tirta Empul,2023,118345,778534
275,GIANYAR REGENCY,Tirta Empul,2024,92848,833859
276,GIANYAR REGENCY,Mandala Suci Wanara Wana ,2020,0,0
277,GIANYAR REGENCY,Mandala Suci Wanara Wana ,2021,0,0
278,GIANYAR REGENCY,Mandala Suci Wanara Wana ,2022,0,0
279,GIANYAR REGENCY,Mandala Suci Wanara Wana ,2023,605,731578
280,GIANYAR REGENCY,Mandala Suci Wanara Wana ,2024,92457,956107
281,GIANYAR REGENCY,Yeh Pulu,2020,170,706
282,GIANYAR REGENCY,Yeh Pulu,2021,155,36
283,GIANYAR REGENCY,Yeh Pulu,2022,213,1995
284,GIANYAR REGENCY,Yeh Pulu,2023,224,3530
285,GIANYAR REGENCY,Yeh Pulu,2024,207,3756
286,GIANYAR REGENCY,Taman Burung dan Rimba Reptil,2020,0,0
287,GIANYAR REGENCY,Taman Burung dan Rimba Reptil,2021,0,0
288,GIANYAR REGENCY,Taman Burung dan Rimba Reptil,2022,0,0
289,GIANYAR REGENCY,Taman Burung dan Rimba Reptil,2023,11424,5660
290,GIANYAR REGENCY,Taman Burung dan Rimba Reptil,2024,24712,29342
291,GIANYAR REGENCY,Wisata Gajah Taro,2020,0,0
292,GIANYAR REGENCY,Wisata Gajah Taro,2021,0,0
293,GIANYAR REGENCY,Wisata Gajah Taro,2022,0,0
294,GIANYAR REGENCY,Wisata Gajah Taro,2023,1113,28963
295,GIANYAR REGENCY,Wisata Gajah Taro,2024,2729,87131
296,GIANYAR REGENCY,Museum Arkeologi Garca,2020,0,0
297,GIANYAR REGENCY,Museum Arkeologi Garca,2021,7,0
298,GIANYAR REGENCY,Museum Arkeologi Garca,2022,0,0
299,GIANYAR REGENCY,Museum Arkeologi Garca,2023,3125,305
300,GIANYAR REGENCY,Museum Arkeologi Garca,2024,3639,330
301,GIANYAR REGENCY,Museum Neka,2020,79,1329
302,GIANYAR REGENCY,Museum Neka,2021,0,0
303,GIANYAR REGENCY,Museum Neka,2022,666,4666
304,GIANYAR REGENCY,Museum Neka,2023,573,6525
305,GIANYAR REGENCY,Museum Neka,2024,1011,3865
306,GIANYAR REGENCY,Museum Rudana,2020,174,196
307,GIANYAR REGENCY,Museum Rudana,2021,0,0
308,GIANYAR REGENCY,Museum Rudana,2022,0,0
309,GIANYAR REGENCY,Museum Rudana,2023,102,480
310,GIANYAR REGENCY,Museum Rudana,2024,382,760
311,GIANYAR REGENCY,Museum Arma,2020,88,3659
312,GIANYAR REGENCY,Museum Arma,2021,231,0
313,GIANYAR REGENCY,Museum Arma,2022,0,0
314,GIANYAR REGENCY,Museum Arma,2023,0,1259
315,GIANYAR REGENCY,Museum Arma,2024,172,6200
316,GIANYAR REGENCY,Bali Zoo Park,2020,27238,28917
317,GIANYAR REGENCY,Bali Zoo Park,2021,24783,26079
318,GIANYAR REGENCY,Bali Zoo Park,2022,60890,221377
319,GIANYAR REGENCY,Bali Zoo Park,2023,31552,20504
320,GIANYAR REGENCY,Bali Zoo Park,2024,84908,127698
321,GIANYAR REGENCY,Bali Safari & Marine Park,2020,26989,36236
322,GIANYAR REGENCY,Bali Safari & Marine Park,2021,65807,2096
323,GIANYAR REGENCY,Bali Safari & Marine Park,2022,194333,73529
324,GIANYAR REGENCY,Bali Safari & Marine Park,2023,152643,109077
325,GIANYAR REGENCY,Bali Safari & Marine Park,2024,113930,111239
326,GIANYAR REGENCY,Museum Antonio Blanco,2020,928,2653
327,GIANYAR REGENCY,Museum Antonio Blanco,2021,0,0
328,GIANYAR REGENCY,Museum Antonio Blanco,2022,560,379
329,GIANYAR REGENCY,Museum Antonio Blanco,2023,518,431
330,GIANYAR REGENCY,Museum Antonio Blanco,2024,510,428
331,GIANYAR REGENCY,Rafting Adventure,2020,0,0
332,GIANYAR REGENCY,Rafting Adventure,2021,0,0
333,GIANYAR REGENCY,Rafting Adventure,2022,0,0
334,GIANYAR REGENCY,Rafting Adventure,2023,444,5812
335,GIANYAR REGENCY,Rafting Adventure,2024,14979,35388
336,GIANYAR REGENCY,Museum Ratna Warta,2020,1064,6380
337,GIANYAR REGENCY,Museum Ratna Warta,2021,0,0
338,GIANYAR REGENCY,Museum Ratna Warta,2022,1490,10045
339,GIANYAR REGENCY,Museum Ratna Warta,2023,1130,14900
340,GIANYAR REGENCY,Museum Ratna Warta,2024,1027,19694
341,GIANYAR REGENCY,Air Terjun Tegenungan,2020,41075,67530
342,GIANYAR REGENCY,Air Terjun Tegenungan,2021,0,0
343,GIANYAR REGENCY,Air Terjun Tegenungan,2022,0,0
344,GIANYAR REGENCY,Air Terjun Tegenungan,2023,10206,225932
345,GIANYAR REGENCY,Air Terjun Tegenungan,2024,22117,412559
346,GIANYAR REGENCY,Monkey river  dan Air Terjun Blangsinga,2020,0,0
347,GIANYAR REGENCY,Monkey river  dan Air Terjun Blangsinga,2021,0,0
348,GIANYAR REGENCY,Monkey river  dan Air Terjun Blangsinga,2022,0,0
349,GIANYAR REGENCY,Monkey river  dan Air Terjun Blangsinga,2023,966,2888
350,GIANYAR REGENCY,Monkey river  dan Air Terjun Blangsinga,2024,4419,6749
351,GIANYAR REGENCY,Candi Tebing Tegallinggah,2020,0,0
352,GIANYAR REGENCY,Candi Tebing Tegallinggah,2021,229,173
353,GIANYAR REGENCY,Candi Tebing Tegallinggah,2022,386,450
354,GIANYAR REGENCY,Candi Tebing Tegallinggah,2023,350,1059
355,GIANYAR REGENCY,Candi Tebing Tegallinggah,2024,427,1390
356,GIANYAR REGENCY,DTW Mengening,2020,0,0
357,GIANYAR REGENCY,DTW Mengening,2021,418,28
358,GIANYAR REGENCY,DTW Mengening,2022,960,5568
359,GIANYAR REGENCY,DTW Mengening,2023,2057,22051
360,GIANYAR REGENCY,DTW Mengening,2024,1877,31991
361,GIANYAR REGENCY,Hidden Canyon,2020,0,0
362,GIANYAR REGENCY,Hidden Canyon,2021,0,0
363,GIANYAR REGENCY,Hidden Canyon,2022,0,0
364,GIANYAR REGENCY,Hidden Canyon,2023,259,3216
365,GIANYAR REGENCY,Hidden Canyon,2024,1418,5443
366,GIANYAR REGENCY,Ceking,2020,0,0
367,GIANYAR REGENCY,Ceking,2021,0,0
368,GIANYAR REGENCY,Ceking,2022,0,0
369,GIANYAR REGENCY,Ceking,2023,0,145083
370,GIANYAR REGENCY,Ceking,2024,0,78746
371,GIANYAR REGENCY,Goa Garba,2020,0,0
372,GIANYAR REGENCY,Goa Garba,2021,0,0
373,GIANYAR REGENCY,Goa Garba,2022,43,162
374,GIANYAR REGENCY,Goa Garba,2023,590,1674
375,GIANYAR REGENCY,Goa Garba,2024,605,2290
376,BANGLI REGENCY,Penulisan,2020,10,95
377,BANGLI REGENCY,Penulisan,2021,8,12
378,BANGLI REGENCY,Penulisan,2022,0,0
379,BANGLI REGENCY,Penulisan,2023,16,726
380,BANGLI REGENCY,Penulisan,2024,46,675
381,BANGLI REGENCY,Pura Kehen,2020,24,1899
382,BANGLI REGENCY,Pura Kehen,2021,0,0
383,BANGLI REGENCY,Pura Kehen,2022,265,8275
384,BANGLI REGENCY,Pura Kehen,2023,203,14831
385,BANGLI REGENCY,Pura Kehen,2024,200,32314
386,BANGLI REGENCY,Penelokan Batur,2020,34763,114597
387,BANGLI REGENCY,Penelokan Batur,2021,21850,667
388,BANGLI REGENCY,Penelokan Batur,2022,359143,185524
389,BANGLI REGENCY,Penelokan Batur,2023,355712,409252
390,BANGLI REGENCY,Penelokan Batur,2024,332091,275119
391,BANGLI REGENCY,Desa Truyan,2020,1101,242
392,BANGLI REGENCY,Desa Truyan,2021,876,8
393,BANGLI REGENCY,Desa Truyan,2022,502,60
394,BANGLI REGENCY,Desa Truyan,2023,2399,505
395,BANGLI REGENCY,Desa Truyan,2024,1493,815
396,BANGLI REGENCY,Desa Penglipuran,2020,29803,5731
397,BANGLI REGENCY,Desa Penglipuran,2021,146180,565
398,BANGLI REGENCY,Desa Penglipuran,2022,564383,43749
399,BANGLI REGENCY,Desa Penglipuran,2023,789315,112461
400,BANGLI REGENCY,Desa Penglipuran,2024,1022971,152160
401,KLUNGKUNG REGENCY,Kerta Gosa/Museum Semarajaya,2020,1749,4062
402,KLUNGKUNG REGENCY,Kerta Gosa/Museum Semarajaya,2021,868,42
403,KLUNGKUNG REGENCY,Kerta Gosa/Museum Semarajaya,2022,2673,16091
404,KLUNGKUNG REGENCY,Kerta Gosa/Museum Semarajaya,2023,4344,48641
405,KLUNGKUNG REGENCY,Kerta Gosa/Museum Semarajaya,2024,3193,33780
406,KLUNGKUNG REGENCY,Goa Lawah,2020,924,7346
407,KLUNGKUNG REGENCY,Goa Lawah,2021,122,13
408,KLUNGKUNG REGENCY,Goa Lawah,2022,85,2485
409,KLUNGKUNG REGENCY,Goa Lawah,2023,2268,46521
410,KLUNGKUNG REGENCY,Goa Lawah,2024,1368,38067
411,KLUNGKUNG REGENCY,Kawasan Nusa Penida,2020,89469,9941
412,KLUNGKUNG REGENCY,Kawasan Nusa Penida,2021,162,0
413,KLUNGKUNG REGENCY,Kawasan Nusa Penida,2022,36304,0
414,KLUNGKUNG REGENCY,Kawasan Nusa Penida,2023,2075152,0
415,KLUNGKUNG REGENCY,Kawasan Nusa Penida,2024,735575,133610
416,KARANGASEM REGENCY,Puri Karangasem,2020,85,649
417,KARANGASEM REGENCY,Puri Karangasem,2021,249,44
418,KARANGASEM REGENCY,Puri Karangasem,2022,506,1712
419,KARANGASEM REGENCY,Puri Karangasem,2023,574,4030
420,KARANGASEM REGENCY,Puri Karangasem,2024,916,5330
421,KARANGASEM REGENCY,Besakih,2020,13195,31644
422,KARANGASEM REGENCY,Besakih,2021,6150,2545
423,KARANGASEM REGENCY,Besakih,2022,19898,77603
424,KARANGASEM REGENCY,Besakih,2023,28841,183479
425,KARANGASEM REGENCY,Besakih,2024,25010,190724
426,KARANGASEM REGENCY,Tirta Gangga,2020,49275,48816
427,KARANGASEM REGENCY,Tirta Gangga,2021,35779,1963
428,KARANGASEM REGENCY,Tirta Gangga,2022,33663,76160
429,KARANGASEM REGENCY,Tirta Gangga,2023,22567,151414
430,KARANGASEM REGENCY,Tirta Gangga,2024,53271,402985
431,KARANGASEM REGENCY,Tenganan,2020,2922,4441
432,KARANGASEM REGENCY,Tenganan,2021,2087,405
433,KARANGASEM REGENCY,Tenganan,2022,4835,12846
434,KARANGASEM REGENCY,Tenganan,2023,7440,31360
435,KARANGASEM REGENCY,Tenganan,2024,8171,32018
436,KARANGASEM REGENCY,Padangbai,2020,11,1858
437,KARANGASEM REGENCY,Padangbai,2021,46,87
438,KARANGASEM REGENCY,Padangbai,2022,187,3350
439,KARANGASEM REGENCY,Padangbai,2023,19,7452
440,KARANGASEM REGENCY,Padangbai,2024,42,2689
441,KARANGASEM REGENCY,Jemeluk,2020,0,980
442,KARANGASEM REGENCY,Jemeluk,2021,24,112
443,KARANGASEM REGENCY,Jemeluk,2022,250,2372
444,KARANGASEM REGENCY,Jemeluk,2023,169,5115
445,KARANGASEM REGENCY,Jemeluk,2024,140,2132
446,KARANGASEM REGENCY,Telaga Waja,2020,2484,5004
447,KARANGASEM REGENCY,Telaga Waja,2021,258,9
448,KARANGASEM REGENCY,Telaga Waja,2022,821,1315
449,KARANGASEM REGENCY,Telaga Waja,2023,2195,1143
450,KARANGASEM REGENCY,Telaga Waja,2024,1406,619
451,KARANGASEM REGENCY,Tulamben,2020,398,6201
452,KARANGASEM REGENCY,Tulamben,2021,238,269
453,KARANGASEM REGENCY,Tulamben,2022,2461,12289
454,KARANGASEM REGENCY,Tulamben,2023,3297,25242
455,KARANGASEM REGENCY,Tulamben,2024,1245,8603
456,KARANGASEM REGENCY,Yeh Malet,2020,3454,345
457,KARANGASEM REGENCY,Yeh Malet,2021,14056,0
458,KARANGASEM REGENCY,Yeh Malet,2022,15309,347
459,KARANGASEM REGENCY,Yeh Malet,2023,19098,592
460,KARANGASEM REGENCY,Yeh Malet,2024,14659,275
461,KARANGASEM REGENCY,Candi Dasa,2020,827,928
462,KARANGASEM REGENCY,Candi Dasa,2021,0,91
463,KARANGASEM REGENCY,Candi Dasa,2022,1543,1433
464,KARANGASEM REGENCY,Candi Dasa,2023,2006,2956
465,KARANGASEM REGENCY,Candi Dasa,2024,2825,3139
466,KARANGASEM REGENCY,Taman Ujung,2020,83915,20302
467,KARANGASEM REGENCY,Taman Ujung,2021,61359,1932
468,KARANGASEM REGENCY,Taman Ujung,2022,74483,40053
469,KARANGASEM REGENCY,Taman Ujung,2023,0,0
470,KARANGASEM REGENCY,Taman Ujung,2024,0,0
471,KARANGASEM REGENCY,Putung,2020,0,0
472,KARANGASEM REGENCY,Putung,2021,0,0
473,KARANGASEM REGENCY,Putung,2022,0,0
474,KARANGASEM REGENCY,Putung,2023,1047,1075
475,KARANGASEM REGENCY,Putung,2024,2662,2151
476,KARANGASEM REGENCY,Labuhan/ODC,2020,390,570
477,KARANGASEM REGENCY,Labuhan/ODC,2021,0,0
478,KARANGASEM REGENCY,Labuhan/ODC,2022,0,0
479,KARANGASEM REGENCY,Labuhan/ODC,2023,0,0
480,KARANGASEM REGENCY,Labuhan/ODC,2024,0,0
481,KARANGASEM REGENCY,Bukit Nampo,2020,30236,1310
482,KARANGASEM REGENCY,Bukit Nampo,2021,27082,846
483,KARANGASEM REGENCY,Bukit Nampo,2022,26434,2711
484,KARANGASEM REGENCY,Bukit Nampo,2023,11974,5024
485,KARANGASEM REGENCY,Bukit Nampo,2024,14570,2590
486,KARANGASEM REGENCY,Bukit Asah,2020,58853,11107
487,KARANGASEM REGENCY,Bukit Asah,2021,29444,2713
488,KARANGASEM REGENCY,Bukit Asah,2022,62352,30924
489,KARANGASEM REGENCY,Bukit Asah,2023,92047,77750
490,KARANGASEM REGENCY,Bukit Asah,2024,80146,78154
491,KARANGASEM REGENCY,Taman Edelweis,2020,0,0
492,KARANGASEM REGENCY,Taman Edelweis,2021,28077,0
493,KARANGASEM REGENCY,Taman Edelweis,2022,11735,642
494,KARANGASEM REGENCY,Taman Edelweis,2023,13649,22305
495,KARANGASEM REGENCY,Taman Edelweis,2024,6578,72
496,KARANGASEM REGENCY,Lempuyang,2020,0,0
497,KARANGASEM REGENCY,Lempuyang,2021,17976,2168
498,KARANGASEM REGENCY,Lempuyang,2022,46246,166508
499,KARANGASEM REGENCY,Lempuyang,2023,29256,369281
500,KARANGASEM REGENCY,Lempuyang,2024,13250,217047
501,KARANGASEM REGENCY,Bukit Cemara,2020,0,0
502,KARANGASEM REGENCY,Bukit Cemara,2021,608,32
503,KARANGASEM REGENCY,Bukit Cemara,2022,512,0
504,KARANGASEM REGENCY,Bukit Cemara,2023,416,720
505,KARANGASEM REGENCY,Bukit Cemara,2024,529,85
506,KARANGASEM REGENCY,Dukuh Penaban ,2020,0,0
507,KARANGASEM REGENCY,Dukuh Penaban ,2021,0,0
508,KARANGASEM REGENCY,Dukuh Penaban ,2022,2300,208
509,KARANGASEM REGENCY,Dukuh Penaban ,2023,7422,525
510,KARANGASEM REGENCY,Dukuh Penaban ,2024,1629,548
511,KARANGASEM REGENCY,Maha Gangga ,2020,0,0
512,KARANGASEM REGENCY,Maha Gangga ,2021,0,0
513,KARANGASEM REGENCY,Maha Gangga ,2022,2301,2556
514,KARANGASEM REGENCY,Maha Gangga ,2023,3775,5645
515,KARANGASEM REGENCY,Maha Gangga ,2024,3239,5350
516,KARANGASEM REGENCY,Amed,2020,0,0
517,KARANGASEM REGENCY,Amed,2021,0,0
518,KARANGASEM REGENCY,Amed,2022,0,0
519,KARANGASEM REGENCY,Amed,2023,0,967
520,KARANGASEM REGENCY,Amed,2024,10,11855
521,KARANGASEM REGENCY,Kubu,2020,0,0
522,KARANGASEM REGENCY,Kubu,2021,0,0
523,KARANGASEM REGENCY,Kubu,2022,0,0
524,KARANGASEM REGENCY,Kubu,2023,0,836
525,KARANGASEM REGENCY,Kubu,2024,0,0
526,KARANGASEM REGENCY,Penaban,2020,0,0
527,KARANGASEM REGENCY,Penaban,2021,0,0
528,KARANGASEM REGENCY,Penaban,2022,0,0
529,KARANGASEM REGENCY,Penaban,2023,525,0
530,KARANGASEM REGENCY,Penaban,2024,12374,492
531,KARANGASEM REGENCY,taman soekasada ujung ,2020,0,0
532,KARANGASEM REGENCY,taman soekasada ujung ,2021,0,0
533,KARANGASEM REGENCY,taman soekasada ujung ,2022,0,0
534,KARANGASEM REGENCY,taman soekasada ujung ,2023,68161,94589
535,KARANGASEM REGENCY,taman soekasada ujung ,2024,52266,91514
536,BULELENG REGENCY,Pulaki,2020,5091,10975
537,BULELENG REGENCY,Pulaki,2021,9211,0
538,BULELENG REGENCY,Pulaki,2022,46272,1932
539,BULELENG REGENCY,Pulaki,2023,45523,5292
540,BULELENG REGENCY,Pulaki,2024,96684,6260
541,BULELENG REGENCY,"Lovina, Kalibukbuk",2020,3696,5579
542,BULELENG REGENCY,"Lovina, Kalibukbuk",2021,0,0
543,BULELENG REGENCY,"Lovina, Kalibukbuk",2022,0,0
544,BULELENG REGENCY,"Lovina, Kalibukbuk",2023,0,0
545,BULELENG REGENCY,"Lovina, Kalibukbuk",2024,0,0
546,BULELENG REGENCY,Air Panas Banjar,2020,10671,7981
547,BULELENG REGENCY,Air Panas Banjar,2021,6159,0
548,BULELENG REGENCY,Air Panas Banjar,2022,18597,7426
549,BULELENG REGENCY,Air Panas Banjar,2023,45360,18316
550,BULELENG REGENCY,Air Panas Banjar,2024,41023,49728
551,BULELENG REGENCY,Air Sanih,2020,12693,275
552,BULELENG REGENCY,Air Sanih,2021,0,0
553,BULELENG REGENCY,Air Sanih,2022,18313,7296
554,BULELENG REGENCY,Air Sanih,2023,58224,805
555,BULELENG REGENCY,Air Sanih,2024,73701,857
556,BULELENG REGENCY,Air Terjun Gitgit,2020,1195,1170
557,BULELENG REGENCY,Air Terjun Gitgit,2021,21,17
558,BULELENG REGENCY,Air Terjun Gitgit,2022,264,639
559,BULELENG REGENCY,Air Terjun Gitgit,2023,135,3789
560,BULELENG REGENCY,Air Terjun Gitgit,2024,1056,3491
561,BULELENG REGENCY,Makam Jaya Prana,2020,2769,7914
562,BULELENG REGENCY,Makam Jaya Prana,2021,0,0
563,BULELENG REGENCY,Makam Jaya Prana,2022,22253,126
564,BULELENG REGENCY,Makam Jaya Prana,2023,0,0
565,BULELENG REGENCY,Makam Jaya Prana,2024,0,0
566,BULELENG REGENCY,Air Panas Banyuwedang,2020,1130,1138
567,BULELENG REGENCY,Air Panas Banyuwedang,2021,1496,66
568,BULELENG REGENCY,Air Panas Banyuwedang,2022,9815,538
569,BULELENG REGENCY,Air Panas Banyuwedang,2023,8431,2648
570,BULELENG REGENCY,Air Panas Banyuwedang,2024,25104,1913
571,BULELENG REGENCY,Taman Nasional Bali Barat,2020,0,0
572,BULELENG REGENCY,Taman Nasional Bali Barat,2021,4033,137
573,BULELENG REGENCY,Taman Nasional Bali Barat,2022,2609,206
574,BULELENG REGENCY,Taman Nasional Bali Barat,2023,17755,19252
575,BULELENG REGENCY,Taman Nasional Bali Barat,2024,25204,18976
576,BULELENG REGENCY,Pura Madue Karang,2020,0,1022
577,BULELENG REGENCY,Pura Madue Karang,2021,245,0
578,BULELENG REGENCY,Pura Madue Karang,2022,206,1780
579,BULELENG REGENCY,Pura Madue Karang,2023,1126,3828
580,BULELENG REGENCY,Pura Madue Karang,2024,1153,4876
581,BULELENG REGENCY,Pura Beji,2020,0,764
582,BULELENG REGENCY,Pura Beji,2021,150,0
583,BULELENG REGENCY,Pura Beji,2022,3639,3836
584,BULELENG REGENCY,Pura Beji,2023,9461,12057
585,BULELENG REGENCY,Pura Beji,2024,6448,17848
586,BULELENG REGENCY,Pura Dalem Jagaraga,2020,0,0
587,BULELENG REGENCY,Pura Dalem Jagaraga,2021,185,0
588,BULELENG REGENCY,Pura Dalem Jagaraga,2022,0,0
589,BULELENG REGENCY,Pura Dalem Jagaraga,2023,0,0
590,BULELENG REGENCY,Pura Dalem Jagaraga,2024,0,0
591,BULELENG REGENCY,Danau Buyan,2020,17900,1395
592,BULELENG REGENCY,Danau Buyan,2021,6221,0
593,BULELENG REGENCY,Danau Buyan,2022,8823,0
594,BULELENG REGENCY,Danau Buyan,2023,16049,30
595,BULELENG REGENCY,Danau Buyan,2024,78353,0
596,BULELENG REGENCY,Pelabuhan Buleleng,2020,536,45
597,BULELENG REGENCY,Pelabuhan Buleleng,2021,10709,0
598,BULELENG REGENCY,Pelabuhan Buleleng,2022,53235,625
599,BULELENG REGENCY,Pelabuhan Buleleng,2023,91345,8741
600,BULELENG REGENCY,Pelabuhan Buleleng,2024,127643,5041
601,BULELENG REGENCY,Gedong Kertya,2020,442,190
602,BULELENG REGENCY,Gedong Kertya,2021,0,0
603,BULELENG REGENCY,Gedong Kertya,2022,0,0
604,BULELENG REGENCY,Gedong Kertya,2023,0,0
605,BULELENG REGENCY,Gedong Kertya,2024,0,0
606,BULELENG REGENCY,Air Terjun Les,2020,587,347
607,BULELENG REGENCY,Air Terjun Les,2021,0,0
608,BULELENG REGENCY,Air Terjun Les,2022,637,1294
609,BULELENG REGENCY,Air Terjun Les,2023,1401,3686
610,BULELENG REGENCY,Air Terjun Les,2024,0,0
611,BULELENG REGENCY,Museum Buleleng,2020,371,209
612,BULELENG REGENCY,Museum Buleleng,2021,34,0
613,BULELENG REGENCY,Museum Buleleng,2022,883,76
614,BULELENG REGENCY,Museum Buleleng,2023,705,293
615,BULELENG REGENCY,Museum Buleleng,2024,746,147
616,BULELENG REGENCY,D. Tamblingan,2020,2629,2050
617,BULELENG REGENCY,D. Tamblingan,2021,77,0
618,BULELENG REGENCY,D. Tamblingan,2022,2828,1122
619,BULELENG REGENCY,D. Tamblingan,2023,12785,5227
620,BULELENG REGENCY,D. Tamblingan,2024,15943,9234
621,BULELENG REGENCY,P. Menjangan,2020,0,0
622,BULELENG REGENCY,P. Menjangan,2021,216,14
623,BULELENG REGENCY,P. Menjangan,2022,0,0
624,BULELENG REGENCY,P. Menjangan,2023,1671,4331
625,BULELENG REGENCY,P. Menjangan,2024,764,5240
626,BULELENG REGENCY,Kapal Seabourn Odyssey,2020,0,0
627,BULELENG REGENCY,Kapal Seabourn Odyssey,2021,0,0
628,BULELENG REGENCY,Kapal Seabourn Odyssey,2022,0,0
629,BULELENG REGENCY,Kapal Seabourn Odyssey,2023,2,247
630,BULELENG REGENCY,Kapal Seabourn Odyssey,2024,0,0
631,BULELENG REGENCY,Air Terjun Sekumpul,2020,5281,3951
632,BULELENG REGENCY,Air Terjun Sekumpul,2021,79,189
633,BULELENG REGENCY,Air Terjun Sekumpul,2022,600,2264
634,BULELENG REGENCY,Air Terjun Sekumpul,2023,6672,10459
635,BULELENG REGENCY,Air Terjun Sekumpul,2024,3384,19292
636,BULELENG REGENCY,Air Terjun Campuhan,2020,691,755
637,BULELENG REGENCY,Air Terjun Campuhan,2021,0,0
638,BULELENG REGENCY,Air Terjun Campuhan,2022,0,0
639,BULELENG REGENCY,Air Terjun Campuhan,2023,0,0
640,BULELENG REGENCY,Air Terjun Campuhan,2024,0,0
641,BULELENG REGENCY,Air Terjun Bertingkat,2020,180,103
642,BULELENG REGENCY,Air Terjun Bertingkat,2021,0,0
643,BULELENG REGENCY,Air Terjun Bertingkat,2022,0,0
644,BULELENG REGENCY,Air Terjun Bertingkat,2023,0,0
645,BULELENG REGENCY,Air Terjun Bertingkat,2024,0,0
646,BULELENG REGENCY,Genting Dream,2020,0,0
647,BULELENG REGENCY,Genting Dream,2021,0,0
648,BULELENG REGENCY,Genting Dream,2022,0,4091
649,BULELENG REGENCY,Genting Dream,2023,0,0
650,BULELENG REGENCY,Genting Dream,2024,0,0
651,BULELENG REGENCY,Pura Jaya Prana ,2020,0,0
652,BULELENG REGENCY,Pura Jaya Prana ,2021,3209,0
653,BULELENG REGENCY,Pura Jaya Prana ,2022,0,0
654,BULELENG REGENCY,Pura Jaya Prana ,2023,32341,196
655,BULELENG REGENCY,Pura Jaya Prana ,2024,51670,96
656,BULELENG REGENCY,Tugu Singa Ambara Raja ,2020,0,0
657,BULELENG REGENCY,Tugu Singa Ambara Raja ,2021,1705,0
658,BULELENG REGENCY,Tugu Singa Ambara Raja ,2022,3323,0
659,BULELENG REGENCY,Tugu Singa Ambara Raja ,2023,12487,0
660,BULELENG REGENCY,Tugu Singa Ambara Raja ,2024,6331,0
661,BULELENG REGENCY,Brahma Vihara Arama ,2020,0,0
662,BULELENG REGENCY,Brahma Vihara Arama ,2021,2106,78
663,BULELENG REGENCY,Brahma Vihara Arama ,2022,4276,23154
664,BULELENG REGENCY,Brahma Vihara Arama ,2023,6941,56451
665,BULELENG REGENCY,Brahma Vihara Arama ,2024,10697,70805
666,BULELENG REGENCY,Air Terjun Melanting ,2020,0,0
667,BULELENG REGENCY,Air Terjun Melanting ,2021,0,0
668,BULELENG REGENCY,Air Terjun Melanting ,2022,4616,6776
669,BULELENG REGENCY,Air Terjun Melanting ,2023,1508,25386
670,BULELENG REGENCY,Air Terjun Melanting ,2024,1317,29128
671,BULELENG REGENCY,Air Terjun Aling-Aling dan Kawasan Sambangan,2020,0,0
672,BULELENG REGENCY,Air Terjun Aling-Aling dan Kawasan Sambangan,2021,347,446
673,BULELENG REGENCY,Air Terjun Aling-Aling dan Kawasan Sambangan,2022,255,351
674,BULELENG REGENCY,Air Terjun Aling-Aling dan Kawasan Sambangan,2023,3572,67951
675,BULELENG REGENCY,Air Terjun Aling-Aling dan Kawasan Sambangan,2024,2862,57101
676,BULELENG REGENCY,Gedong Kirtya,2020,0,0
677,BULELENG REGENCY,Gedong Kirtya,2021,53,3
678,BULELENG REGENCY,Gedong Kirtya,2022,3079,132
679,BULELENG REGENCY,Gedong Kirtya,2023,5521,1053
680,BULELENG REGENCY,Gedong Kirtya,2024,1436,1425
681,BULELENG REGENCY,Pantai Lovina,2020,0,0
682,BULELENG REGENCY,Pantai Lovina,2021,870,0
683,BULELENG REGENCY,Pantai Lovina,2022,16259,10723
684,BULELENG REGENCY,Pantai Lovina,2023,64576,61404
685,BULELENG REGENCY,Pantai Lovina,2024,71421,127873
686,BULELENG REGENCY,Pantai Penimbangan,2020,0,0
687,BULELENG REGENCY,Pantai Penimbangan,2021,7116,0
688,BULELENG REGENCY,Pantai Penimbangan,2022,40033,0
689,BULELENG REGENCY,Pantai Penimbangan,2023,86197,8781
690,BULELENG REGENCY,Pantai Penimbangan,2024,78753,251
691,BULELENG REGENCY,Pura Dalem Sangsit,2020,0,0
692,BULELENG REGENCY,Pura Dalem Sangsit,2021,215,0
693,BULELENG REGENCY,Pura Dalem Sangsit,2022,0,0
694,BULELENG REGENCY,Pura Dalem Sangsit,2023,0,0
695,BULELENG REGENCY,Pura Dalem Sangsit,2024,0,0
696,BULELENG REGENCY,Pura Pucak Sinunggal,2020,0,0
697,BULELENG REGENCY,Pura Pucak Sinunggal,2021,100,0
698,BULELENG REGENCY,Pura Pucak Sinunggal,2022,0,0
699,BULELENG REGENCY,Pura Pucak Sinunggal,2023,0,0
700,BULELENG REGENCY,Pura Pucak Sinunggal,2024,0,0
701,BULELENG REGENCY,Pura Ponjok Batu ,2020,0,0
702,BULELENG REGENCY,Pura Ponjok Batu ,2021,4725,0
703,BULELENG REGENCY,Pura Ponjok Batu ,2022,1893,0
704,BULELENG REGENCY,Pura Ponjok Batu ,2023,30358,0
705,BULELENG REGENCY,Pura Ponjok Batu ,2024,65895,0
706,BULELENG REGENCY,Air Terjun Banyumala,2020,0,0
707,BULELENG REGENCY,Air Terjun Banyumala,2021,740,200
708,BULELENG REGENCY,Air Terjun Banyumala,2022,3833,17821
709,BULELENG REGENCY,Air Terjun Banyumala,2023,29757,59971
710,BULELENG REGENCY,Air Terjun Banyumala,2024,5115,71313
711,BULELENG REGENCY,Pura Batu Kursi ,2020,0,0
712,BULELENG REGENCY,Pura Batu Kursi ,2021,2452,53
713,BULELENG REGENCY,Pura Batu Kursi ,2022,0,0
714,BULELENG REGENCY,Pura Batu Kursi ,2023,770,1606
715,BULELENG REGENCY,Pura Batu Kursi ,2024,651,1511
716,BULELENG REGENCY,Air Terjun Banyu Wana Amerta,2020,0,0
717,BULELENG REGENCY,Air Terjun Banyu Wana Amerta,2021,0,0
718,BULELENG REGENCY,Air Terjun Banyu Wana Amerta,2022,871,3838
719,BULELENG REGENCY,Air Terjun Banyu Wana Amerta,2023,11945,32088
720,BULELENG REGENCY,Air Terjun Banyu Wana Amerta,2024,6654,55664
721,BULELENG REGENCY,Regata Yacht,2020,0,0
722,BULELENG REGENCY,Regata Yacht,2021,0,0
723,BULELENG REGENCY,Regata Yacht,2022,0,342
724,BULELENG REGENCY,Regata Yacht,2023,0,0
725,BULELENG REGENCY,Regata Yacht,2024,0,0
726,BULELENG REGENCY,Khrisna Adventure,2020,0,0
727,BULELENG REGENCY,Khrisna Adventure,2021,0,0
728,BULELENG REGENCY,Khrisna Adventure,2022,1375,60
729,BULELENG REGENCY,Khrisna Adventure,2023,7910,1726
730,BULELENG REGENCY,Khrisna Adventure,2024,4474,811
731,BULELENG REGENCY,Air Terjun Pucak Manik,2020,0,0
732,BULELENG REGENCY,Air Terjun Pucak Manik,2021,0,0
733,BULELENG REGENCY,Air Terjun Pucak Manik,2022,0,105717
734,BULELENG REGENCY,Air Terjun Pucak Manik,2023,1652,7099
735,BULELENG REGENCY,Air Terjun Pucak Manik,2024,3146,8652
736,BULELENG REGENCY,Taman Laut Desa Les,2020,0,0
737,BULELENG REGENCY,Taman Laut Desa Les,2021,0,0
738,BULELENG REGENCY,Taman Laut Desa Les,2022,6,88
739,BULELENG REGENCY,Taman Laut Desa Les,2023,0,0
740,BULELENG REGENCY,Taman Laut Desa Les,2024,103,579
741,BULELENG REGENCY,Khrisna Funtastic Land,2020,0,0
742,BULELENG REGENCY,Khrisna Funtastic Land,2021,0,0
743,BULELENG REGENCY,Khrisna Funtastic Land,2022,24785,356
744,BULELENG REGENCY,Khrisna Funtastic Land,2023,114920,1139
745,BULELENG REGENCY,Khrisna Funtastic Land,2024,95315,798
746,BULELENG REGENCY,Air Terjun Jembong ,2020,0,0
747,BULELENG REGENCY,Air Terjun Jembong ,2021,0,0
748,BULELENG REGENCY,Air Terjun Jembong ,2022,6598,205
749,BULELENG REGENCY,Air Terjun Jembong ,2023,18765,501
750,BULELENG REGENCY,Air Terjun Jembong ,2024,12582,1735
751,BULELENG REGENCY,Pantai Kerobokan ,2020,0,0
752,BULELENG REGENCY,Pantai Kerobokan ,2021,0,0
753,BULELENG REGENCY,Pantai Kerobokan ,2022,30570,0
754,BULELENG REGENCY,Pantai Kerobokan ,2023,53366,0
755,BULELENG REGENCY,Pantai Kerobokan ,2024,87983,0
756,BULELENG REGENCY,Puri Buleleng,2020,0,0
757,BULELENG REGENCY,Puri Buleleng,2021,0,0
758,BULELENG REGENCY,Puri Buleleng,2022,0,0
759,BULELENG REGENCY,Puri Buleleng,2023,0,14
760,BULELENG REGENCY,Puri Buleleng,2024,0,0
761,BULELENG REGENCY,Puri Kanginan,2020,0,0
762,BULELENG REGENCY,Puri Kanginan,2021,0,0
763,BULELENG REGENCY,Puri Kanginan,2022,0,0
764,BULELENG REGENCY,Puri Kanginan,2023,54,110
765,BULELENG REGENCY,Puri Kanginan,2024,0,0
766,BULELENG REGENCY,Khrisna Water Sport,2020,0,0
767,BULELENG REGENCY,Khrisna Water Sport,2021,0,0
768,BULELENG REGENCY,Khrisna Water Sport,2022,0,0
769,BULELENG REGENCY,Khrisna Water Sport,2023,4697,1406
770,BULELENG REGENCY,Khrisna Water Sport,2024,6096,3547
771,BULELENG REGENCY,Cruise Ship MV. Seven Seas Explore,2020,0,0
772,BULELENG REGENCY,Cruise Ship MV. Seven Seas Explore,2021,0,0
773,BULELENG REGENCY,Cruise Ship MV. Seven Seas Explore,2022,0,0
774,BULELENG REGENCY,Cruise Ship MV. Seven Seas Explore,2023,121,1647
775,BULELENG REGENCY,Cruise Ship MV. Seven Seas Explore,2024,0,0
776,BULELENG REGENCY,Cruise Ship Star Breeze,2020,0,0
777,BULELENG REGENCY,Cruise Ship Star Breeze,2021,0,0
778,BULELENG REGENCY,Cruise Ship Star Breeze,2022,0,0
779,BULELENG REGENCY,Cruise Ship Star Breeze,2023,0,121
780,BULELENG REGENCY,Cruise Ship Star Breeze,2024,0,0
781,BULELENG REGENCY,Cruise Ship MV. Seven Seas Marine,2020,0,0
782,BULELENG REGENCY,Cruise Ship MV. Seven Seas Marine,2021,0,0
783,BULELENG REGENCY,Cruise Ship MV. Seven Seas Marine,2022,0,0
784,BULELENG REGENCY,Cruise Ship MV. Seven Seas Marine,2023,0,500
785,BULELENG REGENCY,Cruise Ship MV. Seven Seas Marine,2024,0,0
786,BULELENG REGENCY,Cruise Ship MV. Westerdam,2020,0,0
787,BULELENG REGENCY,Cruise Ship MV. Westerdam,2021,0,0
788,BULELENG REGENCY,Cruise Ship MV. Westerdam,2022,0,0
789,BULELENG REGENCY,Cruise Ship MV. Westerdam,2023,0,1881
790,BULELENG REGENCY,Cruise Ship MV. Westerdam,2024,0,0
791,BULELENG REGENCY,Taman laut Pemuteran ,2020,0,0
792,BULELENG REGENCY,Taman laut Pemuteran ,2021,0,0
793,BULELENG REGENCY,Taman laut Pemuteran ,2022,0,0
794,BULELENG REGENCY,Taman laut Pemuteran ,2023,0,0
795,BULELENG REGENCY,Taman laut Pemuteran ,2024,234,3623
796,BULELENG REGENCY,Air Terjun Yeh Mempeh Desa Les,2020,0,0
797,BULELENG REGENCY,Air Terjun Yeh Mempeh Desa Les,2021,0,0
798,BULELENG REGENCY,Air Terjun Yeh Mempeh Desa Les,2022,0,0
799,BULELENG REGENCY,Air Terjun Yeh Mempeh Desa Les,2023,0,0
800,BULELENG REGENCY,Air Terjun Yeh Mempeh Desa Les,2024,1127,4434
801,BULELENG REGENCY,Pengrajin Pande Besi,2020,0,0
802,BULELENG REGENCY,Pengrajin Pande Besi,2021,0,0
803,BULELENG REGENCY,Pengrajin Pande Besi,2022,0,0
804,BULELENG REGENCY,Pengrajin Pande Besi,2023,0,0
805,BULELENG REGENCY,Pengrajin Pande Besi,2024,12,2
806,BULELENG REGENCY,Pengerajin Pande Gong,2020,0,0
807,BULELENG REGENCY,Pengerajin Pande Gong,2021,0,0
808,BULELENG REGENCY,Pengerajin Pande Gong,2022,0,0
809,BULELENG REGENCY,Pengerajin Pande Gong,2023,0,0
810,BULELENG REGENCY,Pengerajin Pande Gong,2024,8,106
811,BULELENG REGENCY,Agrowisata lalangan,2020,0,0
812,BULELENG REGENCY,Agrowisata lalangan,2021,0,0
813,BULELENG REGENCY,Agrowisata lalangan,2022,0,0
814,BULELENG REGENCY,Agrowisata lalangan,2023,0,0
815,BULELENG REGENCY,Agrowisata lalangan,2024,2987,132
816,BULELENG REGENCY,Penglukatan Pura Batu Bolong,2020,0,0
817,BULELENG REGENCY,Penglukatan Pura Batu Bolong,2021,0,0
818,BULELENG REGENCY,Penglukatan Pura Batu Bolong,2022,0,0
819,BULELENG REGENCY,Penglukatan Pura Batu Bolong,2023,0,0
820,BULELENG REGENCY,Penglukatan Pura Batu Bolong,2024,0,29
821,BULELENG REGENCY,Cruise Ship Celebrity Millenium,2020,0,0
822,BULELENG REGENCY,Cruise Ship Celebrity Millenium,2021,0,0
823,BULELENG REGENCY,Cruise Ship Celebrity Millenium,2022,0,0
824,BULELENG REGENCY,Cruise Ship Celebrity Millenium,2023,0,0
825,BULELENG REGENCY,Cruise Ship Celebrity Millenium,2024,400,9397
826,BULELENG REGENCY,Oceania Cruise Insignia,2020,0,0
827,BULELENG REGENCY,Oceania Cruise Insignia,2021,0,0
828,BULELENG REGENCY,Oceania Cruise Insignia,2022,0,0
829,BULELENG REGENCY,Oceania Cruise Insignia,2023,0,0
830,BULELENG REGENCY,Oceania Cruise Insignia,2024,91,308
831,JEMBRANA REGENCY,Bunut Bolong,2020,2984,709
832,JEMBRANA REGENCY,Bunut Bolong,2021,4879,574
833,JEMBRANA REGENCY,Bunut Bolong,2022,3528,682
834,JEMBRANA REGENCY,Bunut Bolong,2023,2238,586
835,JEMBRANA REGENCY,Bunut Bolong,2024,6392,991
836,JEMBRANA REGENCY,Pantai Medewi,2020,559,205
837,JEMBRANA REGENCY,Pantai Medewi,2021,125,58
838,JEMBRANA REGENCY,Pantai Medewi,2022,580,2703
839,JEMBRANA REGENCY,Pantai Medewi,2023,1180,6387
840,JEMBRANA REGENCY,Pantai Medewi,2024,2282,3173
841,JEMBRANA REGENCY,Rambut Siwi,2020,1044,103
842,JEMBRANA REGENCY,Rambut Siwi,2021,11,19
843,JEMBRANA REGENCY,Rambut Siwi,2022,35,1752
844,JEMBRANA REGENCY,Rambut Siwi,2023,15,4258
845,JEMBRANA REGENCY,Rambut Siwi,2024,798,5083
846,JEMBRANA REGENCY,Pantai Delod Berawah,2020,1148,0
847,JEMBRANA REGENCY,Pantai Delod Berawah,2021,8826,6
848,JEMBRANA REGENCY,Pantai Delod Berawah,2022,12491,0
849,JEMBRANA REGENCY,Pantai Delod Berawah,2023,18363,0
850,JEMBRANA REGENCY,Pantai Delod Berawah,2024,19827,45
851,JEMBRANA REGENCY,Pantai Baluk Rening,2020,11868,0
852,JEMBRANA REGENCY,Pantai Baluk Rening,2021,23165,0
853,JEMBRANA REGENCY,Pantai Baluk Rening,2022,39152,0
854,JEMBRANA REGENCY,Pantai Baluk Rening,2023,41659,0
855,JEMBRANA REGENCY,Pantai Baluk Rening,2024,40246,0
856,JEMBRANA REGENCY,Bendungan Palasari,2020,1644,0
857,JEMBRANA REGENCY,Bendungan Palasari,2021,1673,1
858,JEMBRANA REGENCY,Bendungan Palasari,2022,3315,12
859,JEMBRANA REGENCY,Bendungan Palasari,2023,2057,0
860,JEMBRANA REGENCY,Bendungan Palasari,2024,14372,0
861,JEMBRANA REGENCY,Teluk Gilimanuk,2020,6552,88
862,JEMBRANA REGENCY,Teluk Gilimanuk,2021,33355,21
863,JEMBRANA REGENCY,Teluk Gilimanuk,2022,12756,78
864,JEMBRANA REGENCY,Teluk Gilimanuk,2023,16840,452
865,JEMBRANA REGENCY,Teluk Gilimanuk,2024,12311,458
866,JEMBRANA REGENCY,Museum Gilimanuk/Manusia Purba Situs,2020,97,0
867,JEMBRANA REGENCY,Museum Gilimanuk/Manusia Purba Situs,2021,262,3
868,JEMBRANA REGENCY,Museum Gilimanuk/Manusia Purba Situs,2022,1845,13
869,JEMBRANA REGENCY,Museum Gilimanuk/Manusia Purba Situs,2023,1866,37
870,JEMBRANA REGENCY,Museum Gilimanuk/Manusia Purba Situs,2024,1176,134
871,JEMBRANA REGENCY,Desa Wisata Perancak,2020,3606,126
872,JEMBRANA REGENCY,Desa Wisata Perancak,2021,10880,160
873,JEMBRANA REGENCY,Desa Wisata Perancak,2022,20836,1250
874,JEMBRANA REGENCY,Desa Wisata Perancak,2023,22331,6066
875,JEMBRANA REGENCY,Desa Wisata Perancak,2024,12258,950
876,JEMBRANA REGENCY,P. Candi Kusuma,2020,3271,54
877,JEMBRANA REGENCY,P. Candi Kusuma,2021,6205,0
878,JEMBRANA REGENCY,P. Candi Kusuma,2022,0,0
879,JEMBRANA REGENCY,P. Candi Kusuma,2023,0,0
880,JEMBRANA REGENCY,P. Candi Kusuma,2024,11730,0
881,JEMBRANA REGENCY,Desa Wisata Gumbrih,2020,1463,32
882,JEMBRANA REGENCY,Desa Wisata Gumbrih,2021,927,0
883,JEMBRANA REGENCY,Desa Wisata Gumbrih,2022,14,0
884,JEMBRANA REGENCY,Desa Wisata Gumbrih,2023,307,106
885,JEMBRANA REGENCY,Desa Wisata Gumbrih,2024,0,28
886,JEMBRANA REGENCY,Pantai Pekutatan,2020,686,50
887,JEMBRANA REGENCY,Pantai Pekutatan,2021,103,0
888,JEMBRANA REGENCY,Pantai Pekutatan,2022,519,7
889,JEMBRANA REGENCY,Pantai Pekutatan,2023,1082,11
890,JEMBRANA REGENCY,Pantai Pekutatan,2024,926,103
891,JEMBRANA REGENCY,Desa Wisata Blimbingsari,2020,1175,43
892,JEMBRANA REGENCY,Desa Wisata Blimbingsari,2021,708,0
893,JEMBRANA REGENCY,Desa Wisata Blimbingsari,2022,2100,97
894,JEMBRANA REGENCY,Desa Wisata Blimbingsari,2023,4112,1223
895,JEMBRANA REGENCY,Desa Wisata Blimbingsari,2024,1219,2868
896,JEMBRANA REGENCY,Desa Wisata Ekasari,2020,2497,0
897,JEMBRANA REGENCY,Desa Wisata Ekasari,2021,5144,16
898,JEMBRANA REGENCY,Desa Wisata Ekasari,2022,10978,7
899,JEMBRANA REGENCY,Desa Wisata Ekasari,2023,13982,680
900,JEMBRANA REGENCY,Desa Wisata Ekasari,2024,12698,524
901,JEMBRANA REGENCY,Pantai Yeh Leh,2020,33941,232
902,JEMBRANA REGENCY,Pantai Yeh Leh,2021,16585,23
903,JEMBRANA REGENCY,Pantai Yeh Leh,2022,13467,96
904,JEMBRANA REGENCY,Pantai Yeh Leh,2023,22161,183
905,JEMBRANA REGENCY,Pantai Yeh Leh,2024,46543,246
906,JEMBRANA REGENCY,Air Terjun Juwuk Manis,2020,2077,359
907,JEMBRANA REGENCY,Air Terjun Juwuk Manis,2021,1834,61
908,JEMBRANA REGENCY,Air Terjun Juwuk Manis,2022,1163,101
909,JEMBRANA REGENCY,Air Terjun Juwuk Manis,2023,828,363
910,JEMBRANA REGENCY,Air Terjun Juwuk Manis,2024,810,289
911,JEMBRANA REGENCY,Green Cliff,2020,235,0
912,JEMBRANA REGENCY,Green Cliff,2021,7,0
913,JEMBRANA REGENCY,Green Cliff,2022,94,158
914,JEMBRANA REGENCY,Green Cliff,2023,0,385
915,JEMBRANA REGENCY,Green Cliff,2024,307,263
916,JEMBRANA REGENCY,Puncak JR,2020,114,0
917,JEMBRANA REGENCY,Puncak JR,2021,1430,8
918,JEMBRANA REGENCY,Puncak JR,2022,944,0
919,JEMBRANA REGENCY,Puncak JR,2023,555,0
920,JEMBRANA REGENCY,Puncak JR,2024,898,0
921,JEMBRANA REGENCY,Sungai Gelar,2020,5690,74
922,JEMBRANA REGENCY,Sungai Gelar,2021,8826,218
923,JEMBRANA REGENCY,Sungai Gelar,2022,28346,138
924,JEMBRANA REGENCY,Sungai Gelar,2023,26850,788
925,JEMBRANA REGENCY,Sungai Gelar,2024,55719,1069
926,JEMBRANA REGENCY,Air Terjun Batu Belah,2020,114,0
927,JEMBRANA REGENCY,Air Terjun Batu Belah,2021,4551,181
928,JEMBRANA REGENCY,Air Terjun Batu Belah,2022,0,0
929,JEMBRANA REGENCY,Air Terjun Batu Belah,2023,0,0
930,JEMBRANA REGENCY,Air Terjun Batu Belah,2024,0,0
931,JEMBRANA REGENCY,Bendungan Benel,2020,171,0
932,JEMBRANA REGENCY,Bendungan Benel,2021,133,5
933,JEMBRANA REGENCY,Bendungan Benel,2022,812,519
934,JEMBRANA REGENCY,Bendungan Benel,2023,2645,640
935,JEMBRANA REGENCY,Bendungan Benel,2024,2376,592
936,JEMBRANA REGENCY,Desa Wisata Yeh Embang Kangin,2020,221,0
937,JEMBRANA REGENCY,Desa Wisata Yeh Embang Kangin,2021,0,0
938,JEMBRANA REGENCY,Desa Wisata Yeh Embang Kangin,2022,100,0
939,JEMBRANA REGENCY,Desa Wisata Yeh Embang Kangin,2023,1607,0
940,JEMBRANA REGENCY,Desa Wisata Yeh Embang Kangin,2024,90,0
941,JEMBRANA REGENCY,Kolam Renang Delod Berawah,2020,0,0
942,JEMBRANA REGENCY,Kolam Renang Delod Berawah,2021,9374,0
943,JEMBRANA REGENCY,Kolam Renang Delod Berawah,2022,4732,0
944,JEMBRANA REGENCY,Kolam Renang Delod Berawah,2023,5260,0
945,JEMBRANA REGENCY,Kolam Renang Delod Berawah,2024,2816,0
946,JEMBRANA REGENCY,Makam Tua Buyut Lebai,2020,127,0
947,JEMBRANA REGENCY,Makam Tua Buyut Lebai,2021,215,0
948,JEMBRANA REGENCY,Makam Tua Buyut Lebai,2022,819,0
949,JEMBRANA REGENCY,Makam Tua Buyut Lebai,2023,2456,0
950,JEMBRANA REGENCY,Makam Tua Buyut Lebai,2024,8564,0
951,JEMBRANA REGENCY,Pura Gede Perancak,2020,607,0
952,JEMBRANA REGENCY,Pura Gede Perancak,2021,2164,0
953,JEMBRANA REGENCY,Pura Gede Perancak,2022,3387,0
954,JEMBRANA REGENCY,Pura Gede Perancak,2023,4264,0
955,JEMBRANA REGENCY,Pura Gede Perancak,2024,5288,0
956,JEMBRANA REGENCY,Pantai Pangyangan,2020,0,0
957,JEMBRANA REGENCY,Pantai Pangyangan,2021,25,0
958,JEMBRANA REGENCY,Pantai Pangyangan,2022,896,0
959,JEMBRANA REGENCY,Pantai Pangyangan,2023,1324,0
960,JEMBRANA REGENCY,Pantai Pangyangan,2024,0,0
961,JEMBRANA REGENCY,Rest Area Rambut Siwi ,2020,0,0
962,JEMBRANA REGENCY,Rest Area Rambut Siwi ,2021,7996,0
963,JEMBRANA REGENCY,Rest Area Rambut Siwi ,2022,6753,0
964,JEMBRANA REGENCY,Rest Area Rambut Siwi ,2023,26846,392
965,JEMBRANA REGENCY,Rest Area Rambut Siwi ,2024,17029,232
966,JEMBRANA REGENCY,Desa Wisata Sangkaragung,2020,0,0
967,JEMBRANA REGENCY,Desa Wisata Sangkaragung,2021,0,0
968,JEMBRANA REGENCY,Desa Wisata Sangkaragung,2022,1736,0
969,JEMBRANA REGENCY,Desa Wisata Sangkaragung,2023,727,0
970,JEMBRANA REGENCY,Desa Wisata Sangkaragung,2024,352,0
971,JEMBRANA REGENCY,Puncak Mawar ,2020,0,0
972,JEMBRANA REGENCY,Puncak Mawar ,2021,218,10
973,JEMBRANA REGENCY,Puncak Mawar ,2022,19,0
974,JEMBRANA REGENCY,Puncak Mawar ,2023,0,0
975,JEMBRANA REGENCY,Puncak Mawar ,2024,0,0
976,JEMBRANA REGENCY,Makam Ustad Ali Bafaqih,2020,0,0
977,JEMBRANA REGENCY,Makam Ustad Ali Bafaqih,2021,0,0
978,JEMBRANA REGENCY,Makam Ustad Ali Bafaqih,2022,1375,0
979,JEMBRANA REGENCY,Makam Ustad Ali Bafaqih,2023,3037,0
980,JEMBRANA REGENCY,Makam Ustad Ali Bafaqih,2024,10943,0
981,JEMBRANA REGENCY,Pantai Candi Kusuma ,2020,0,0
982,JEMBRANA REGENCY,Pantai Candi Kusuma ,2021,0,0
983,JEMBRANA REGENCY,Pantai Candi Kusuma ,2022,9527,0
984,JEMBRANA REGENCY,Pantai Candi Kusuma ,2023,10711,0
985,JEMBRANA REGENCY,Pantai Candi Kusuma ,2024,0,0
986,JEMBRANA REGENCY,Nirwana Garden ,2020,0,0
987,JEMBRANA REGENCY,Nirwana Garden ,2021,0,0
988,JEMBRANA REGENCY,Nirwana Garden ,2022,0,0
989,JEMBRANA REGENCY,Nirwana Garden ,2023,5464,0
990,JEMBRANA REGENCY,Nirwana Garden ,2024,12120,0
991,JEMBRANA REGENCY,Mantu Cager,2020,0,0
992,JEMBRANA REGENCY,Mantu Cager,2021,0,0
993,JEMBRANA REGENCY,Mantu Cager,2022,0,0
994,JEMBRANA REGENCY,Mantu Cager,2023,1364,221
995,JEMBRANA REGENCY,Mantu Cager,2024,1305,73
996,KABUPATEN TABANAN,Tanah Lot,2020,376578,210987
997,KABUPATEN TABANAN,Tanah Lot,2021,271020,5838
998,KABUPATEN TABANAN,Tanah Lot,2022,880382,460689
999,KABUPATEN TABANAN,Tanah Lot,2023,1200976,823953
1000,KABUPATEN TABANAN,Tanah Lot,2024,1883557,819405
1001,KABUPATEN TABANAN,Ulun Danu Beratan,2020,124766,74240
1002,KABUPATEN TABANAN,Ulun Danu Beratan,2021,56860,346
1003,KABUPATEN TABANAN,Ulun Danu Beratan,2022,138809,82321
1004,KABUPATEN TABANAN,Ulun Danu Beratan,2023,323076,297831
1005,KABUPATEN TABANAN,Ulun Danu Beratan,2024,326169,302807
1006,KABUPATEN TABANAN,Kebun Raya Bedugul,2020,337211,9875
1007,KABUPATEN TABANAN,Kebun Raya Bedugul,2021,0,0
1008,KABUPATEN TABANAN,Kebun Raya Bedugul,2022,357516,7359
1009,KABUPATEN TABANAN,Kebun Raya Bedugul,2023,450505,25598
1010,KABUPATEN TABANAN,Kebun Raya Bedugul,2024,496333,34831
1011,KABUPATEN TABANAN,Candi Puputan Margarana,2020,467,95
1012,KABUPATEN TABANAN,Candi Puputan Margarana,2021,360730,1143
1013,KABUPATEN TABANAN,Candi Puputan Margarana,2022,1731,130
1014,KABUPATEN TABANAN,Candi Puputan Margarana,2023,16061,569
1015,KABUPATEN TABANAN,Candi Puputan Margarana,2024,18191,3304
1016,KABUPATEN TABANAN,Alas Kedaton,2020,2515,6772
1017,KABUPATEN TABANAN,Alas Kedaton,2021,0,0
1018,KABUPATEN TABANAN,Alas Kedaton,2022,4162,8753
1019,KABUPATEN TABANAN,Alas Kedaton,2023,9923,24380
1020,KABUPATEN TABANAN,Alas Kedaton,2024,7502,18866
1021,KABUPATEN TABANAN,Air Panas Penatahan,2020,9007,258
1022,KABUPATEN TABANAN,Air Panas Penatahan,2021,7151,79
1023,KABUPATEN TABANAN,Air Panas Penatahan,2022,9354,1412
1024,KABUPATEN TABANAN,Air Panas Penatahan,2023,11951,1905
1025,KABUPATEN TABANAN,Air Panas Penatahan,2024,16659,1550
1026,KABUPATEN TABANAN,Museum Subak,2020,363,192
1027,KABUPATEN TABANAN,Museum Subak,2021,137,19
1028,KABUPATEN TABANAN,Museum Subak,2022,1143,383
1029,KABUPATEN TABANAN,Museum Subak,2023,358,416
1030,KABUPATEN TABANAN,Museum Subak,2024,0,0
1031,KABUPATEN TABANAN,Jati Luwih,2020,42367,46639
1032,KABUPATEN TABANAN,Jati Luwih,2021,51092,1704
1033,KABUPATEN TABANAN,Jati Luwih,2022,73242,110419
1034,KABUPATEN TABANAN,Jati Luwih,2023,146475,256527
1035,KABUPATEN TABANAN,Jati Luwih,2024,130359,301405
1036,KABUPATEN TABANAN,Taman Kupu-Kupu,2020,349,384
1037,KABUPATEN TABANAN,Taman Kupu-Kupu,2021,199,48
1038,KABUPATEN TABANAN,Taman Kupu-Kupu,2022,608,443
1039,KABUPATEN TABANAN,Taman Kupu-Kupu,2023,2394,3889
1040,KABUPATEN TABANAN,Taman Kupu-Kupu,2024,1772,5844
1041,KABUPATEN TABANAN,Pura Batu Karu,2020,0,3154
1042,KABUPATEN TABANAN,Pura Batu Karu,2021,0,0
1043,KABUPATEN TABANAN,Pura Batu Karu,2022,770,6712
1044,KABUPATEN TABANAN,Pura Batu Karu,2023,0,25403
1045,KABUPATEN TABANAN,Pura Batu Karu,2024,1482,21101
1046,KABUPATEN TABANAN,Hutan Mekori ,2020,0,0
1047,KABUPATEN TABANAN,Hutan Mekori ,2021,0,0
1048,KABUPATEN TABANAN,Hutan Mekori ,2022,0,0
1049,KABUPATEN TABANAN,Hutan Mekori ,2023,0,431
1050,KABUPATEN TABANAN,Hutan Mekori ,2024,0,2
