ID,Tempat Wisata,Tahun,Wisnus,Wisman
1,Museum Bali,2020,4248,3082
2,Museum Bali,2021,1991,86
3,Museum Bali,2022,11535,6553
4,Museum Bali,2023,18230,13803
5,Museum Bali,2024,24796,13835
6,Museum Le Mayuer,2020,1345,413
7,Museum Le Mayuer,2021,131,1
8,Museum Le Mayuer,2022,845,707
9,Museum Le Mayuer,2023,1984,1848
10,Museum Le Mayuer,2024,3816,1466
11,Taman Budaya art centre,2020,717,93
12,Taman Budaya art centre,2021,1903,12
13,Taman Budaya art centre,2022,9895,439
14,Taman Budaya art centre,2023,3720,917
15,Taman Budaya art centre,2024,621,212
16,Pulau Serangan,2020,2395,2595
17,Pulau Serangan,2021,1404,214
18,Pulau Serangan,2022,0,0
19,Pulau Serangan,2023,0,0
20,Pulau Serangan,2024,0,0
21,Prasasti Blanjong,2020,0,0
22,Prasasti Blanjong,2021,73,0
23,Prasasti Blanjong,2022,42,14
24,Prasasti Blanjong,2023,8,6
25,Prasasti Blanjong,2024,69,10
26,Pasar Kumbasari,2020,0,1319
27,Pasar Kumbasari,2021,0,0
28,Pasar Kumbasari,2022,0,576
29,Pasar Kumbasari,2023,4775,2478
30,Pasar Kumbasari,2024,10162,7670
31,Pasar Badung,2020,0,2660
32,Pasar Badung,2021,0,0
33,Pasar Badung,2022,157,6769
34,Pasar Badung,2023,18737,13924
35,Pasar Badung,2024,19705,15058
36,Museum Lukisan Sidik Jari,2020,147,14
37,Museum Lukisan Sidik Jari,2021,223,23
38,Museum Lukisan Sidik Jari,2022,199,5
39,Museum Lukisan Sidik Jari,2023,325,10
40,Museum Lukisan Sidik Jari,2024,204,19
41,Monumen Perjuangan Rakyat Bali,2020,37443,4736
42,Monumen Perjuangan Rakyat Bali,2021,6325,198
43,Monumen Perjuangan Rakyat Bali,2022,98482,7222
44,Monumen Perjuangan Rakyat Bali,2023,101998,15404
45,Monumen Perjuangan Rakyat Bali,2024,184783,12096
46,Desa Budaya Kertalangu,2020,4027,95
47,Desa Budaya Kertalangu,2021,4770,0
48,Desa Budaya Kertalangu,2022,107013,0
49,Desa Budaya Kertalangu,2023,0,0
50,Desa Budaya Kertalangu,2024,0,0
51,Pura Maspahit Grenceng,2020,0,0
52,Pura Maspahit Grenceng,2021,68,5
53,Pura Maspahit Grenceng,2022,235,93
54,Pura Maspahit Grenceng,2023,154,1402
55,Pura Maspahit Grenceng,2024,108,509
56,Keris Dance,2020,375,6300
57,Keris Dance,2021,28,0
58,Keris Dance,2022,0,0
59,Keris Dance,2023,0,0
60,Keris Dance,2024,0,0
61,Pura Maospahit Tonja,2020,0,0
62,Pura Maospahit Tonja,2021,20,2
63,Pura Maospahit Tonja,2022,155,0
64,Pura Maospahit Tonja,2023,105,0
65,Pura Maospahit Tonja,2024,0,0
66,Taman Inspirasi (Muntig Siokan Mertasari ),2020,0,0
67,Taman Inspirasi (Muntig Siokan Mertasari ),2021,61991,949
68,Taman Inspirasi (Muntig Siokan Mertasari ),2022,60922,4655
69,Taman Inspirasi (Muntig Siokan Mertasari ),2023,19196,663
70,Taman Inspirasi (Muntig Siokan Mertasari ),2024,11353,4155
71,Pantai Matahari Terbit Dan Bali Beach,2020,0,0
72,Pantai Matahari Terbit Dan Bali Beach,2021,201967,7189
73,Pantai Matahari Terbit Dan Bali Beach,2022,446469,96553
74,Pantai Matahari Terbit Dan Bali Beach,2023,126705,12071
75,Pantai Matahari Terbit Dan Bali Beach,2024,664903,18519
76,Pantai Duyung,2020,0,0
77,Pantai Duyung,2021,12732,542
78,Pantai Duyung,2022,26543,1780
79,Pantai Duyung,2023,49803,6860
80,Pantai Duyung,2024,59712,8815
81,Pantai Kusumasari,2020,0,0
82,Pantai Kusumasari,2021,11855,513
83,Pantai Kusumasari,2022,27877,1585
84,Pantai Kusumasari,2023,49454,5912
85,Pantai Kusumasari,2024,57999,7764
86,Pantai Cemara Alit,2020,0,0
87,Pantai Cemara Alit,2021,3068,99
88,Pantai Cemara Alit,2022,8744,1098
89,Pantai Cemara Alit,2023,23057,5833
90,Pantai Cemara Alit,2024,30981,8220
91,Pantai Pengembak dan Pantai Sukamerta,2020,0,0
92,Pantai Pengembak dan Pantai Sukamerta,2021,21542,757
93,Pantai Pengembak dan Pantai Sukamerta,2022,45958,2865
94,Pantai Pengembak dan Pantai Sukamerta,2023,83572,9168
95,Pantai Pengembak dan Pantai Sukamerta,2024,100141,11065
96,Pantai Semawang,2020,0,0
97,Pantai Semawang,2021,33362,1506
98,Pantai Semawang,2022,0,0
99,Pantai Semawang,2023,0,0
100,Pantai Semawang,2024,0,0
101,Pantai Sindhu,2020,0,0
102,Pantai Sindhu,2021,0,0
103,Pantai Sindhu,2022,89377,2465
104,Pantai Sindhu,2023,113728,7646
105,Pantai Sindhu,2024,140618,10598
106,Pantai Segara Ayu,2020,0,0
107,Pantai Segara Ayu,2021,34662,1751
108,Pantai Segara Ayu,2022,86225,3074
109,Pantai Segara Ayu,2023,115367,8475
110,Pantai Segara Ayu,2024,159617,10968
111,Pantai Karang ,2020,0,0
112,Pantai Karang ,2021,20860,634
113,Pantai Karang ,2022,53000,2163
114,Pantai Karang ,2023,68174,7903
115,Pantai Karang ,2024,49569,9790
116,Teba Majalangu,2020,0,0
117,Teba Majalangu,2021,0,0
118,Teba Majalangu,2022,30296,24
119,Teba Majalangu,2023,0,0
120,Teba Majalangu,2024,28608,27
121,Tukad Bindu,2020,0,0
122,Tukad Bindu,2021,0,0
123,Tukad Bindu,2022,7177,36
124,Tukad Bindu,2023,8732,22
125,Tukad Bindu,2024,14392,2
126,Pasar Sindhu,2020,0,0
127,Pasar Sindhu,2021,0,0
128,Pasar Sindhu,2022,0,0
129,Pasar Sindhu,2023,13875,45702
130,Pasar Sindhu,2024,18667,43781
131,Puri Agung Jro Kuta,2020,0,0
132,Puri Agung Jro Kuta,2021,0,0
133,Puri Agung Jro Kuta,2022,49,135
134,Puri Agung Jro Kuta,2023,40,101
135,Puri Agung Jro Kuta,2024,0,0
136,Big Garden Coner ,2020,0,0
137,Big Garden Coner ,2021,0,0
138,Big Garden Coner ,2022,19069,2276
139,Big Garden Coner ,2023,14150,5864
140,Big Garden Coner ,2024,14984,7437
141,Kebon Vintage,2020,0,0
142,Kebon Vintage,2021,0,0
143,Kebon Vintage,2022,16447,2170
144,Kebon Vintage,2023,4538,4891
145,Kebon Vintage,2024,1595,4080
146,Bali Exotic Marine Park,2020,0,0
147,Bali Exotic Marine Park,2021,0,0
148,Bali Exotic Marine Park,2022,10857,5079
149,Bali Exotic Marine Park,2023,8659,10919
150,Bali Exotic Marine Park,2024,4811,22531
151,Duta Orchid Garden,2020,0,0
152,Duta Orchid Garden,2021,0,0
153,Duta Orchid Garden,2022,9019,3716
154,Duta Orchid Garden,2023,9188,6190
155,Duta Orchid Garden,2024,13097,5954
156,TCEC,2020,0,0
157,TCEC,2021,0,0
158,TCEC,2022,5760,13624
159,TCEC,2023,9265,33827
160,TCEC,2024,14711,52311
161,Museum 3D,2020,0,0
162,Museum 3D,2021,0,0
163,Museum 3D,2022,950,289
164,Museum 3D,2023,933,176
165,Museum 3D,2024,0,0
166,Sekaa Barong dan Keris Sari Wisata Budaya,2020,0,0
167,Sekaa Barong dan Keris Sari Wisata Budaya,2021,0,0
168,Sekaa Barong dan Keris Sari Wisata Budaya,2022,6995,5739
169,Sekaa Barong dan Keris Sari Wisata Budaya,2023,14297,13215
170,Sekaa Barong dan Keris Sari Wisata Budaya,2024,11184,9931
171,Sekaa Barong dan Keris Uma Dewi Budaya  ,2020,0,0
172,Sekaa Barong dan Keris Uma Dewi Budaya  ,2021,0,0
173,Sekaa Barong dan Keris Uma Dewi Budaya  ,2022,0,0
174,Sekaa Barong dan Keris Uma Dewi Budaya  ,2023,3781,1632
175,Sekaa Barong dan Keris Uma Dewi Budaya  ,2024,0,0
176,Pantai Mertasari,2020,0,0
177,Pantai Mertasari,2021,0,0
178,Pantai Mertasari,2022,80577,4321
179,Pantai Mertasari,2023,130334,11437
180,Pantai Mertasari,2024,198585,12473
181,Desa Wisata Kesiman Kertalangu,2020,0,0
182,Desa Wisata Kesiman Kertalangu,2021,0,0
183,Desa Wisata Kesiman Kertalangu,2022,0,0
184,Desa Wisata Kesiman Kertalangu,2023,146764,203
185,Desa Wisata Kesiman Kertalangu,2024,110889,130
186,Citraland Water Park Denpasar ,2020,0,0
187,Citraland Water Park Denpasar ,2021,0,0
188,Citraland Water Park Denpasar ,2022,0,0
189,Citraland Water Park Denpasar ,2023,63878,0
190,Citraland Water Park Denpasar ,2024,74773,1229
191,Trans Studio Mall,2020,0,0
192,Trans Studio Mall,2021,0,0
193,Trans Studio Mall,2022,0,0
194,Trans Studio Mall,2023,27838,8532
195,Trans Studio Mall,2024,17382,7565
196,Sekaa Barong Eka Budhi,2020,0,0
197,Sekaa Barong Eka Budhi,2021,0,0
198,Sekaa Barong Eka Budhi,2022,0,0
199,Sekaa Barong Eka Budhi,2023,22544,487
200,Sekaa Barong Eka Budhi,2024,11081,6539
201,Museum Up Side Down,2020,0,0
202,Museum Up Side Down,2021,0,0
203,Museum Up Side Down,2022,0,0
204,Museum Up Side Down,2023,0,0
205,Museum Up Side Down,2024,5967,9261
206,Ekowisata Batulumbang,2020,0,0
207,Ekowisata Batulumbang,2021,0,0
208,Ekowisata Batulumbang,2022,0,0
209,Ekowisata Batulumbang,2023,0,0
210,Ekowisata Batulumbang,2024,21299,345
211,Pantai Giri Emas,2020,0,0
212,Pantai Giri Emas,2021,0,0
213,Pantai Giri Emas,2022,0,0
214,Pantai Giri Emas,2023,0,0
215,Pantai Giri Emas,2024,771,4
216,Sangeh,2020,37265,14221
217,Sangeh,2021,29521,1290
218,Sangeh,2022,1831,2004
219,Sangeh,2023,26334,53973
220,Sangeh,2024,38568,99782
221,Taman Ayun,2020,14464,45272
222,Taman Ayun,2021,11719,535
223,Taman Ayun,2022,450850,83833
224,Taman Ayun,2023,22814,192690
225,Taman Ayun,2024,22812,204943
226,Uluwatu,2020,142615,256223
227,Uluwatu,2021,144646,6686
228,Uluwatu,2022,450850,480884
229,Uluwatu,2023,526558,1150979
230,Uluwatu,2024,509477,1328680
231,Air Terjun Nungnung,2020,5125,10978
232,Air Terjun Nungnung,2021,2372,1371
233,Air Terjun Nungnung,2022,2280,17398
234,Air Terjun Nungnung,2023,2741,36142
235,Air Terjun Nungnung,2024,3072,32332
236,Pantai Pandawa,2020,537216,48315
237,Pantai Pandawa,2021,362158,6877
238,Pantai Pandawa,2022,900115,52438
239,Pantai Pandawa,2023,1168485,290839
240,Pantai Pandawa,2024,1703123,357730
241,Pantai Labuan Sait,2020,27044,77779
242,Pantai Labuan Sait,2021,28242,8021
243,Pantai Labuan Sait,2022,93953,207218
244,Pantai Labuan Sait,2023,94802,362791
245,Pantai Labuan Sait,2024,90421,379360
246,Pancoran Solas ,2020,0,0
247,Pancoran Solas ,2021,0,0
248,Pancoran Solas ,2022,46235,1630
249,Pancoran Solas ,2023,54404,7320
250,Pancoran Solas ,2024,59323,16706
251,Water Blow,2020,0,0
252,Water Blow,2021,0,0
253,Water Blow,2022,28445,17327
254,Water Blow,2023,28001,35493
255,Water Blow,2024,25990,32297
256,Goa Gajah,2020,7449,45019
257,Goa Gajah,2021,6068,1441
258,Goa Gajah,2022,14361,93552
259,Goa Gajah,2023,13720,216108
260,Goa Gajah,2024,9827,203025
261,Gn. Kawi Tampak Siring,2020,3844,21652
262,Gn. Kawi Tampak Siring,2021,3229,1065
263,Gn. Kawi Tampak Siring,2022,6498,54352
264,Gn. Kawi Tampak Siring,2023,5501,99482
265,Gn. Kawi Tampak Siring,2024,3982,82677
266,Gn. Kawi Sebatu,2020,419,8486
267,Gn. Kawi Sebatu,2021,334,279
268,Gn. Kawi Sebatu,2022,1287,17972
269,Gn. Kawi Sebatu,2023,2609,65293
270,Gn. Kawi Sebatu,2024,2406,76286
271,Tirta Empul,2020,46132,150285
272,Tirta Empul,2021,42062,3895
273,Tirta Empul,2022,116263,326855
274,Tirta Empul,2023,118345,778534
275,Tirta Empul,2024,92848,833859
276,Mandala Suci Wanara Wana ,2020,0,0
277,Mandala Suci Wanara Wana ,2021,0,0
278,Mandala Suci Wanara Wana ,2022,0,0
279,Mandala Suci Wanara Wana ,2023,605,731578
280,Mandala Suci Wanara Wana ,2024,92457,956107
281,Yeh Pulu,2020,170,706
282,Yeh Pulu,2021,155,36
283,Yeh Pulu,2022,213,1995
284,Yeh Pulu,2023,224,3530
285,Yeh Pulu,2024,207,3756
286,Taman Burung dan Rimba Reptil,2020,0,0
287,Taman Burung dan Rimba Reptil,2021,0,0
288,Taman Burung dan Rimba Reptil,2022,0,0
289,Taman Burung dan Rimba Reptil,2023,11424,5660
290,Taman Burung dan Rimba Reptil,2024,24712,29342
291,Wisata Gajah Taro,2020,0,0
292,Wisata Gajah Taro,2021,0,0
293,Wisata Gajah Taro,2022,0,0
294,Wisata Gajah Taro,2023,1113,28963
295,Wisata Gajah Taro,2024,2729,87131
296,Museum Arkeologi Garca,2020,0,0
297,Museum Arkeologi Garca,2021,7,0
298,Museum Arkeologi Garca,2022,0,0
299,Museum Arkeologi Garca,2023,3125,305
300,Museum Arkeologi Garca,2024,3639,330
301,Museum Neka,2020,79,1329
302,Museum Neka,2021,0,0
303,Museum Neka,2022,666,4666
304,Museum Neka,2023,573,6525
305,Museum Neka,2024,1011,3865
306,Museum Rudana,2020,174,196
307,Museum Rudana,2021,0,0
308,Museum Rudana,2022,0,0
309,Museum Rudana,2023,102,480
310,Museum Rudana,2024,382,760
311,Museum Arma,2020,88,3659
312,Museum Arma,2021,231,0
313,Museum Arma,2022,0,0
314,Museum Arma,2023,0,1259
315,Museum Arma,2024,172,6200
316,Bali Zoo Park,2020,27238,28917
317,Bali Zoo Park,2021,24783,26079
318,Bali Zoo Park,2022,60890,221377
319,Bali Zoo Park,2023,31552,20504
320,Bali Zoo Park,2024,84908,127698
321,Bali Safari & Marine Park,2020,26989,36236
322,Bali Safari & Marine Park,2021,65807,2096
323,Bali Safari & Marine Park,2022,194333,73529
324,Bali Safari & Marine Park,2023,152643,109077
325,Bali Safari & Marine Park,2024,113930,111239
326,Museum Antonio Blanco,2020,928,2653
327,Museum Antonio Blanco,2021,0,0
328,Museum Antonio Blanco,2022,560,379
329,Museum Antonio Blanco,2023,518,431
330,Museum Antonio Blanco,2024,510,428
331,Rafting Adventure,2020,0,0
332,Rafting Adventure,2021,0,0
333,Rafting Adventure,2022,0,0
334,Rafting Adventure,2023,444,5812
335,Rafting Adventure,2024,14979,35388
336,Museum Ratna Warta,2020,1064,6380
337,Museum Ratna Warta,2021,0,0
338,Museum Ratna Warta,2022,1490,10045
339,Museum Ratna Warta,2023,1130,14900
340,Museum Ratna Warta,2024,1027,19694
341,Air Terjun Tegenungan,2020,41075,67530
342,Air Terjun Tegenungan,2021,0,0
343,Air Terjun Tegenungan,2022,0,0
344,Air Terjun Tegenungan,2023,10206,225932
345,Air Terjun Tegenungan,2024,22117,412559
346,Monkey river  dan Air Terjun Blangsinga,2020,0,0
347,Monkey river  dan Air Terjun Blangsinga,2021,0,0
348,Monkey river  dan Air Terjun Blangsinga,2022,0,0
349,Monkey river  dan Air Terjun Blangsinga,2023,966,2888
350,Monkey river  dan Air Terjun Blangsinga,2024,4419,6749
351,Candi Tebing Tegallinggah,2020,0,0
352,Candi Tebing Tegallinggah,2021,229,173
353,Candi Tebing Tegallinggah,2022,386,450
354,Candi Tebing Tegallinggah,2023,350,1059
355,Candi Tebing Tegallinggah,2024,427,1390
356,DTW Mengening,2020,0,0
357,DTW Mengening,2021,418,28
358,DTW Mengening,2022,960,5568
359,DTW Mengening,2023,2057,22051
360,DTW Mengening,2024,1877,31991
361,Hidden Canyon,2020,0,0
362,Hidden Canyon,2021,0,0
363,Hidden Canyon,2022,0,0
364,Hidden Canyon,2023,259,3216
365,Hidden Canyon,2024,1418,5443
366,Ceking,2020,0,0
367,Ceking,2021,0,0
368,Ceking,2022,0,0
369,Ceking,2023,0,145083
370,Ceking,2024,0,78746
371,Goa Garba,2020,0,0
372,Goa Garba,2021,0,0
373,Goa Garba,2022,43,162
374,Goa Garba,2023,590,1674
375,Goa Garba,2024,605,2290
376,Penulisan,2020,10,95
377,Penulisan,2021,8,12
378,Penulisan,2022,0,0
379,Penulisan,2023,16,726
380,Penulisan,2024,46,675
381,Pura Kehen,2020,24,1899
382,Pura Kehen,2021,0,0
383,Pura Kehen,2022,265,8275
384,Pura Kehen,2023,203,14831
385,Pura Kehen,2024,200,32314
386,Penelokan Batur,2020,34763,114597
387,Penelokan Batur,2021,21850,667
388,Penelokan Batur,2022,359143,185524
389,Penelokan Batur,2023,355712,409252
390,Penelokan Batur,2024,332091,275119
391,Desa Truyan,2020,1101,242
392,Desa Truyan,2021,876,8
393,Desa Truyan,2022,502,60
394,Desa Truyan,2023,2399,505
395,Desa Truyan,2024,1493,815
396,Desa Penglipuran,2020,29803,5731
397,Desa Penglipuran,2021,146180,565
398,Desa Penglipuran,2022,564383,43749
399,Desa Penglipuran,2023,789315,112461
400,Desa Penglipuran,2024,1022971,152160
401,Kerta Gosa/Museum Semarajaya,2020,1749,4062
402,Kerta Gosa/Museum Semarajaya,2021,868,42
403,Kerta Gosa/Museum Semarajaya,2022,2673,16091
404,Kerta Gosa/Museum Semarajaya,2023,4344,48641
405,Kerta Gosa/Museum Semarajaya,2024,3193,33780
406,Goa Lawah,2020,924,7346
407,Goa Lawah,2021,122,13
408,Goa Lawah,2022,85,2485
409,Goa Lawah,2023,2268,46521
410,Goa Lawah,2024,1368,38067
411,Kawasan Nusa Penida,2020,89469,9941
412,Kawasan Nusa Penida,2021,162,0
413,Kawasan Nusa Penida,2022,36304,0
414,Kawasan Nusa Penida,2023,2075152,0
415,Kawasan Nusa Penida,2024,735575,133610
416,Puri Karangasem,2020,85,649
417,Puri Karangasem,2021,249,44
418,Puri Karangasem,2022,506,1712
419,Puri Karangasem,2023,574,4030
420,Puri Karangasem,2024,916,5330
421,Besakih,2020,13195,31644
422,Besakih,2021,6150,2545
423,Besakih,2022,19898,77603
424,Besakih,2023,28841,183479
425,Besakih,2024,25010,190724
426,Tirta Gangga,2020,49275,48816
427,Tirta Gangga,2021,35779,1963
428,Tirta Gangga,2022,33663,76160
429,Tirta Gangga,2023,22567,151414
430,Tirta Gangga,2024,53271,402985
431,Tenganan,2020,2922,4441
432,Tenganan,2021,2087,405
433,Tenganan,2022,4835,12846
434,Tenganan,2023,7440,31360
435,Tenganan,2024,8171,32018
436,Padangbai,2020,11,1858
437,Padangbai,2021,46,87
438,Padangbai,2022,187,3350
439,Padangbai,2023,19,7452
440,Padangbai,2024,42,2689
441,Jemeluk,2020,0,980
442,Jemeluk,2021,24,112
443,Jemeluk,2022,250,2372
444,Jemeluk,2023,169,5115
445,Jemeluk,2024,140,2132
446,Telaga Waja,2020,2484,5004
447,Telaga Waja,2021,258,9
448,Telaga Waja,2022,821,1315
449,Telaga Waja,2023,2195,1143
450,Telaga Waja,2024,1406,619
451,Tulamben,2020,398,6201
452,Tulamben,2021,238,269
453,Tulamben,2022,2461,12289
454,Tulamben,2023,3297,25242
455,Tulamben,2024,1245,8603
456,Yeh Malet,2020,3454,345
457,Yeh Malet,2021,14056,0
458,Yeh Malet,2022,15309,347
459,Yeh Malet,2023,19098,592
460,Yeh Malet,2024,14659,275
461,Candi Dasa,2020,827,928
462,Candi Dasa,2021,0,91
463,Candi Dasa,2022,1543,1433
464,Candi Dasa,2023,2006,2956
465,Candi Dasa,2024,2825,3139
466,Taman Ujung,2020,83915,20302
467,Taman Ujung,2021,61359,1932
468,Taman Ujung,2022,74483,40053
469,Taman Ujung,2023,0,0
470,Taman Ujung,2024,0,0
471,Putung,2020,0,0
472,Putung,2021,0,0
473,Putung,2022,0,0
474,Putung,2023,1047,1075
475,Putung,2024,2662,2151
476,Labuhan/ODC,2020,390,570
477,Labuhan/ODC,2021,0,0
478,Labuhan/ODC,2022,0,0
479,Labuhan/ODC,2023,0,0
480,Labuhan/ODC,2024,0,0
481,Bukit Nampo,2020,30236,1310
482,Bukit Nampo,2021,27082,846
483,Bukit Nampo,2022,26434,2711
484,Bukit Nampo,2023,11974,5024
485,Bukit Nampo,2024,14570,2590
486,Bukit Asah,2020,58853,11107
487,Bukit Asah,2021,29444,2713
488,Bukit Asah,2022,62352,30924
489,Bukit Asah,2023,92047,77750
490,Bukit Asah,2024,80146,78154
491,Taman Edelweis,2020,0,0
492,Taman Edelweis,2021,28077,0
493,Taman Edelweis,2022,11735,642
494,Taman Edelweis,2023,13649,22305
495,Taman Edelweis,2024,6578,72
496,Lempuyang,2020,0,0
497,Lempuyang,2021,17976,2168
498,Lempuyang,2022,46246,166508
499,Lempuyang,2023,29256,369281
500,Lempuyang,2024,13250,217047
501,Bukit Cemara,2020,0,0
502,Bukit Cemara,2021,608,32
503,Bukit Cemara,2022,512,0
504,Bukit Cemara,2023,416,720
505,Bukit Cemara,2024,529,85
506,Dukuh Penaban ,2020,0,0
507,Dukuh Penaban ,2021,0,0
508,Dukuh Penaban ,2022,2300,208
509,Dukuh Penaban ,2023,7422,525
510,Dukuh Penaban ,2024,1629,548
511,Maha Gangga ,2020,0,0
512,Maha Gangga ,2021,0,0
513,Maha Gangga ,2022,2301,2556
514,Maha Gangga ,2023,3775,5645
515,Maha Gangga ,2024,3239,5350
516,Amed,2020,0,0
517,Amed,2021,0,0
518,Amed,2022,0,0
519,Amed,2023,0,967
520,Amed,2024,10,11855
521,Kubu,2020,0,0
522,Kubu,2021,0,0
523,Kubu,2022,0,0
524,Kubu,2023,0,836
525,Kubu,2024,0,0
526,Penaban,2020,0,0
527,Penaban,2021,0,0
528,Penaban,2022,0,0
529,Penaban,2023,525,0
530,Penaban,2024,12374,492
531,taman soekasada ujung ,2020,0,0
532,taman soekasada ujung ,2021,0,0
533,taman soekasada ujung ,2022,0,0
534,taman soekasada ujung ,2023,68161,94589
535,taman soekasada ujung ,2024,52266,91514
536,Pulaki,2020,5091,10975
537,Pulaki,2021,9211,0
538,Pulaki,2022,46272,1932
539,Pulaki,2023,45523,5292
540,Pulaki,2024,96684,6260
541,"Lovina, Kalibukbuk",2020,3696,5579
542,"Lovina, Kalibukbuk",2021,0,0
543,"Lovina, Kalibukbuk",2022,0,0
544,"Lovina, Kalibukbuk",2023,0,0
545,"Lovina, Kalibukbuk",2024,0,0
546,Air Panas Banjar,2020,10671,7981
547,Air Panas Banjar,2021,6159,0
548,Air Panas Banjar,2022,18597,7426
549,Air Panas Banjar,2023,45360,18316
550,Air Panas Banjar,2024,41023,49728
551,Air Sanih,2020,12693,275
552,Air Sanih,2021,0,0
553,Air Sanih,2022,18313,7296
554,Air Sanih,2023,58224,805
555,Air Sanih,2024,73701,857
556,Air Terjun Gitgit,2020,1195,1170
557,Air Terjun Gitgit,2021,21,17
558,Air Terjun Gitgit,2022,264,639
559,Air Terjun Gitgit,2023,135,3789
560,Air Terjun Gitgit,2024,1056,3491
561,Makam Jaya Prana,2020,2769,7914
562,Makam Jaya Prana,2021,0,0
563,Makam Jaya Prana,2022,22253,126
564,Makam Jaya Prana,2023,0,0
565,Makam Jaya Prana,2024,0,0
566,Air Panas Banyuwedang,2020,1130,1138
567,Air Panas Banyuwedang,2021,1496,66
568,Air Panas Banyuwedang,2022,9815,538
569,Air Panas Banyuwedang,2023,8431,2648
570,Air Panas Banyuwedang,2024,25104,1913
571,Taman Nasional Bali Barat,2020,0,0
572,Taman Nasional Bali Barat,2021,4033,137
573,Taman Nasional Bali Barat,2022,2609,206
574,Taman Nasional Bali Barat,2023,17755,19252
575,Taman Nasional Bali Barat,2024,25204,18976
576,Pura Madue Karang,2020,0,1022
577,Pura Madue Karang,2021,245,0
578,Pura Madue Karang,2022,206,1780
579,Pura Madue Karang,2023,1126,3828
580,Pura Madue Karang,2024,1153,4876
581,Pura Beji,2020,0,764
582,Pura Beji,2021,150,0
583,Pura Beji,2022,3639,3836
584,Pura Beji,2023,9461,12057
585,Pura Beji,2024,6448,17848
586,Pura Dalem Jagaraga,2020,0,0
587,Pura Dalem Jagaraga,2021,185,0
588,Pura Dalem Jagaraga,2022,0,0
589,Pura Dalem Jagaraga,2023,0,0
590,Pura Dalem Jagaraga,2024,0,0
591,Danau Buyan,2020,17900,1395
592,Danau Buyan,2021,6221,0
593,Danau Buyan,2022,8823,0
594,Danau Buyan,2023,16049,30
595,Danau Buyan,2024,78353,0
596,Pelabuhan Buleleng,2020,536,45
597,Pelabuhan Buleleng,2021,10709,0
598,Pelabuhan Buleleng,2022,53235,625
599,Pelabuhan Buleleng,2023,91345,8741
600,Pelabuhan Buleleng,2024,127643,5041
601,Gedong Kertya,2020,442,190
602,Gedong Kertya,2021,0,0
603,Gedong Kertya,2022,0,0
604,Gedong Kertya,2023,0,0
605,Gedong Kertya,2024,0,0
606,Air Terjun Les,2020,587,347
607,Air Terjun Les,2021,0,0
608,Air Terjun Les,2022,637,1294
609,Air Terjun Les,2023,1401,3686
610,Air Terjun Les,2024,0,0
611,Museum Buleleng,2020,371,209
612,Museum Buleleng,2021,34,0
613,Museum Buleleng,2022,883,76
614,Museum Buleleng,2023,705,293
615,Museum Buleleng,2024,746,147
616,D. Tamblingan,2020,2629,2050
617,D. Tamblingan,2021,77,0
618,D. Tamblingan,2022,2828,1122
619,D. Tamblingan,2023,12785,5227
620,D. Tamblingan,2024,15943,9234
621,P. Menjangan,2020,0,0
622,P. Menjangan,2021,216,14
623,P. Menjangan,2022,0,0
624,P. Menjangan,2023,1671,4331
625,P. Menjangan,2024,764,5240
626,Kapal Seabourn Odyssey,2020,0,0
627,Kapal Seabourn Odyssey,2021,0,0
628,Kapal Seabourn Odyssey,2022,0,0
629,Kapal Seabourn Odyssey,2023,2,247
630,Kapal Seabourn Odyssey,2024,0,0
631,Air Terjun Sekumpul,2020,5281,3951
632,Air Terjun Sekumpul,2021,79,189
633,Air Terjun Sekumpul,2022,600,2264
634,Air Terjun Sekumpul,2023,6672,10459
635,Air Terjun Sekumpul,2024,3384,19292
636,Air Terjun Campuhan,2020,691,755
637,Air Terjun Campuhan,2021,0,0
638,Air Terjun Campuhan,2022,0,0
639,Air Terjun Campuhan,2023,0,0
640,Air Terjun Campuhan,2024,0,0
641,Air Terjun Bertingkat,2020,180,103
642,Air Terjun Bertingkat,2021,0,0
643,Air Terjun Bertingkat,2022,0,0
644,Air Terjun Bertingkat,2023,0,0
645,Air Terjun Bertingkat,2024,0,0
646,Genting Dream,2020,0,0
647,Genting Dream,2021,0,0
648,Genting Dream,2022,0,4091
649,Genting Dream,2023,0,0
650,Genting Dream,2024,0,0
651,Pura Jaya Prana ,2020,0,0
652,Pura Jaya Prana ,2021,3209,0
653,Pura Jaya Prana ,2022,0,0
654,Pura Jaya Prana ,2023,32341,196
655,Pura Jaya Prana ,2024,51670,96
656,Tugu Singa Ambara Raja ,2020,0,0
657,Tugu Singa Ambara Raja ,2021,1705,0
658,Tugu Singa Ambara Raja ,2022,3323,0
659,Tugu Singa Ambara Raja ,2023,12487,0
660,Tugu Singa Ambara Raja ,2024,6331,0
661,Brahma Vihara Arama ,2020,0,0
662,Brahma Vihara Arama ,2021,2106,78
663,Brahma Vihara Arama ,2022,4276,23154
664,Brahma Vihara Arama ,2023,6941,56451
665,Brahma Vihara Arama ,2024,10697,70805
666,Air Terjun Melanting ,2020,0,0
667,Air Terjun Melanting ,2021,0,0
668,Air Terjun Melanting ,2022,4616,6776
669,Air Terjun Melanting ,2023,1508,25386
670,Air Terjun Melanting ,2024,1317,29128
671,Air Terjun Aling-Aling dan Kawasan Sambangan,2020,0,0
672,Air Terjun Aling-Aling dan Kawasan Sambangan,2021,347,446
673,Air Terjun Aling-Aling dan Kawasan Sambangan,2022,255,351
674,Air Terjun Aling-Aling dan Kawasan Sambangan,2023,3572,67951
675,Air Terjun Aling-Aling dan Kawasan Sambangan,2024,2862,57101
676,Gedong Kirtya,2020,0,0
677,Gedong Kirtya,2021,53,3
678,Gedong Kirtya,2022,3079,132
679,Gedong Kirtya,2023,5521,1053
680,Gedong Kirtya,2024,1436,1425
681,Pantai Lovina,2020,0,0
682,Pantai Lovina,2021,870,0
683,Pantai Lovina,2022,16259,10723
684,Pantai Lovina,2023,64576,61404
685,Pantai Lovina,2024,71421,127873
686,Pantai Penimbangan,2020,0,0
687,Pantai Penimbangan,2021,7116,0
688,Pantai Penimbangan,2022,40033,0
689,Pantai Penimbangan,2023,86197,8781
690,Pantai Penimbangan,2024,78753,251
691,Pura Dalem Sangsit,2020,0,0
692,Pura Dalem Sangsit,2021,215,0
693,Pura Dalem Sangsit,2022,0,0
694,Pura Dalem Sangsit,2023,0,0
695,Pura Dalem Sangsit,2024,0,0
696,Pura Pucak Sinunggal,2020,0,0
697,Pura Pucak Sinunggal,2021,100,0
698,Pura Pucak Sinunggal,2022,0,0
699,Pura Pucak Sinunggal,2023,0,0
700,Pura Pucak Sinunggal,2024,0,0
701,Pura Ponjok Batu ,2020,0,0
702,Pura Ponjok Batu ,2021,4725,0
703,Pura Ponjok Batu ,2022,1893,0
704,Pura Ponjok Batu ,2023,30358,0
705,Pura Ponjok Batu ,2024,65895,0
706,Air Terjun Banyumala,2020,0,0
707,Air Terjun Banyumala,2021,740,200
708,Air Terjun Banyumala,2022,3833,17821
709,Air Terjun Banyumala,2023,29757,59971
710,Air Terjun Banyumala,2024,5115,71313
711,Pura Batu Kursi ,2020,0,0
712,Pura Batu Kursi ,2021,2452,53
713,Pura Batu Kursi ,2022,0,0
714,Pura Batu Kursi ,2023,770,1606
715,Pura Batu Kursi ,2024,651,1511
716,Air Terjun Banyu Wana Amerta,2020,0,0
717,Air Terjun Banyu Wana Amerta,2021,0,0
718,Air Terjun Banyu Wana Amerta,2022,871,3838
719,Air Terjun Banyu Wana Amerta,2023,11945,32088
720,Air Terjun Banyu Wana Amerta,2024,6654,55664
721,Regata Yacht,2020,0,0
722,Regata Yacht,2021,0,0
723,Regata Yacht,2022,0,342
724,Regata Yacht,2023,0,0
725,Regata Yacht,2024,0,0
726,Khrisna Adventure,2020,0,0
727,Khrisna Adventure,2021,0,0
728,Khrisna Adventure,2022,1375,60
729,Khrisna Adventure,2023,7910,1726
730,Khrisna Adventure,2024,4474,811
731,Air Terjun Pucak Manik,2020,0,0
732,Air Terjun Pucak Manik,2021,0,0
733,Air Terjun Pucak Manik,2022,0,105717
734,Air Terjun Pucak Manik,2023,1652,7099
735,Air Terjun Pucak Manik,2024,3146,8652
736,Taman Laut Desa Les,2020,0,0
737,Taman Laut Desa Les,2021,0,0
738,Taman Laut Desa Les,2022,6,88
739,Taman Laut Desa Les,2023,0,0
740,Taman Laut Desa Les,2024,103,579
741,Khrisna Funtastic Land,2020,0,0
742,Khrisna Funtastic Land,2021,0,0
743,Khrisna Funtastic Land,2022,24785,356
744,Khrisna Funtastic Land,2023,114920,1139
745,Khrisna Funtastic Land,2024,95315,798
746,Air Terjun Jembong ,2020,0,0
747,Air Terjun Jembong ,2021,0,0
748,Air Terjun Jembong ,2022,6598,205
749,Air Terjun Jembong ,2023,18765,501
750,Air Terjun Jembong ,2024,12582,1735
751,Pantai Kerobokan ,2020,0,0
752,Pantai Kerobokan ,2021,0,0
753,Pantai Kerobokan ,2022,30570,0
754,Pantai Kerobokan ,2023,53366,0
755,Pantai Kerobokan ,2024,87983,0
756,Puri Buleleng,2020,0,0
757,Puri Buleleng,2021,0,0
758,Puri Buleleng,2022,0,0
759,Puri Buleleng,2023,0,14
760,Puri Buleleng,2024,0,0
761,Puri Kanginan,2020,0,0
762,Puri Kanginan,2021,0,0
763,Puri Kanginan,2022,0,0
764,Puri Kanginan,2023,54,110
765,Puri Kanginan,2024,0,0
766,Khrisna Water Sport,2020,0,0
767,Khrisna Water Sport,2021,0,0
768,Khrisna Water Sport,2022,0,0
769,Khrisna Water Sport,2023,4697,1406
770,Khrisna Water Sport,2024,6096,3547
771,Cruise Ship MV. Seven Seas Explore,2020,0,0
772,Cruise Ship MV. Seven Seas Explore,2021,0,0
773,Cruise Ship MV. Seven Seas Explore,2022,0,0
774,Cruise Ship MV. Seven Seas Explore,2023,121,1647
775,Cruise Ship MV. Seven Seas Explore,2024,0,0
776,Cruise Ship Star Breeze,2020,0,0
777,Cruise Ship Star Breeze,2021,0,0
778,Cruise Ship Star Breeze,2022,0,0
779,Cruise Ship Star Breeze,2023,0,121
780,Cruise Ship Star Breeze,2024,0,0
781,Cruise Ship MV. Seven Seas Marine,2020,0,0
782,Cruise Ship MV. Seven Seas Marine,2021,0,0
783,Cruise Ship MV. Seven Seas Marine,2022,0,0
784,Cruise Ship MV. Seven Seas Marine,2023,0,500
785,Cruise Ship MV. Seven Seas Marine,2024,0,0
786,Cruise Ship MV. Westerdam,2020,0,0
787,Cruise Ship MV. Westerdam,2021,0,0
788,Cruise Ship MV. Westerdam,2022,0,0
789,Cruise Ship MV. Westerdam,2023,0,1881
790,Cruise Ship MV. Westerdam,2024,0,0
791,Taman laut Pemuteran ,2020,0,0
792,Taman laut Pemuteran ,2021,0,0
793,Taman laut Pemuteran ,2022,0,0
794,Taman laut Pemuteran ,2023,0,0
795,Taman laut Pemuteran ,2024,234,3623
796,Air Terjun Yeh Mempeh Desa Les,2020,0,0
797,Air Terjun Yeh Mempeh Desa Les,2021,0,0
798,Air Terjun Yeh Mempeh Desa Les,2022,0,0
799,Air Terjun Yeh Mempeh Desa Les,2023,0,0
800,Air Terjun Yeh Mempeh Desa Les,2024,1127,4434
801,Pengrajin Pande Besi,2020,0,0
802,Pengrajin Pande Besi,2021,0,0
803,Pengrajin Pande Besi,2022,0,0
804,Pengrajin Pande Besi,2023,0,0
805,Pengrajin Pande Besi,2024,12,2
806,Pengerajin Pande Gong,2020,0,0
807,Pengerajin Pande Gong,2021,0,0
808,Pengerajin Pande Gong,2022,0,0
809,Pengerajin Pande Gong,2023,0,0
810,Pengerajin Pande Gong,2024,8,106
811,Agrowisata lalangan,2020,0,0
812,Agrowisata lalangan,2021,0,0
813,Agrowisata lalangan,2022,0,0
814,Agrowisata lalangan,2023,0,0
815,Agrowisata lalangan,2024,2987,132
816,Penglukatan Pura Batu Bolong,2020,0,0
817,Penglukatan Pura Batu Bolong,2021,0,0
818,Penglukatan Pura Batu Bolong,2022,0,0
819,Penglukatan Pura Batu Bolong,2023,0,0
820,Penglukatan Pura Batu Bolong,2024,0,29
821,Cruise Ship Celebrity Millenium,2020,0,0
822,Cruise Ship Celebrity Millenium,2021,0,0
823,Cruise Ship Celebrity Millenium,2022,0,0
824,Cruise Ship Celebrity Millenium,2023,0,0
825,Cruise Ship Celebrity Millenium,2024,400,9397
826,Oceania Cruise Insignia,2020,0,0
827,Oceania Cruise Insignia,2021,0,0
828,Oceania Cruise Insignia,2022,0,0
829,Oceania Cruise Insignia,2023,0,0
830,Oceania Cruise Insignia,2024,91,308
831,Bunut Bolong,2020,2984,709
832,Bunut Bolong,2021,4879,574
833,Bunut Bolong,2022,3528,682
834,Bunut Bolong,2023,2238,586
835,Bunut Bolong,2024,6392,991
836,Pantai Medewi,2020,559,205
837,Pantai Medewi,2021,125,58
838,Pantai Medewi,2022,580,2703
839,Pantai Medewi,2023,1180,6387
840,Pantai Medewi,2024,2282,3173
841,Rambut Siwi,2020,1044,103
842,Rambut Siwi,2021,11,19
843,Rambut Siwi,2022,35,1752
844,Rambut Siwi,2023,15,4258
845,Rambut Siwi,2024,798,5083
846,Pantai Delod Berawah,2020,1148,0
847,Pantai Delod Berawah,2021,8826,6
848,Pantai Delod Berawah,2022,12491,0
849,Pantai Delod Berawah,2023,18363,0
850,Pantai Delod Berawah,2024,19827,45
851,Pantai Baluk Rening,2020,11868,0
852,Pantai Baluk Rening,2021,23165,0
853,Pantai Baluk Rening,2022,39152,0
854,Pantai Baluk Rening,2023,41659,0
855,Pantai Baluk Rening,2024,40246,0
856,Bendungan Palasari,2020,1644,0
857,Bendungan Palasari,2021,1673,1
858,Bendungan Palasari,2022,3315,12
859,Bendungan Palasari,2023,2057,0
860,Bendungan Palasari,2024,14372,0
861,Teluk Gilimanuk,2020,6552,88
862,Teluk Gilimanuk,2021,33355,21
863,Teluk Gilimanuk,2022,12756,78
864,Teluk Gilimanuk,2023,16840,452
865,Teluk Gilimanuk,2024,12311,458
866,Museum Gilimanuk/Manusia Purba Situs,2020,97,0
867,Museum Gilimanuk/Manusia Purba Situs,2021,262,3
868,Museum Gilimanuk/Manusia Purba Situs,2022,1845,13
869,Museum Gilimanuk/Manusia Purba Situs,2023,1866,37
870,Museum Gilimanuk/Manusia Purba Situs,2024,1176,134
871,Desa Wisata Perancak,2020,3606,126
872,Desa Wisata Perancak,2021,10880,160
873,Desa Wisata Perancak,2022,20836,1250
874,Desa Wisata Perancak,2023,22331,6066
875,Desa Wisata Perancak,2024,12258,950
876,P. Candi Kusuma,2020,3271,54
877,P. Candi Kusuma,2021,6205,0
878,P. Candi Kusuma,2022,0,0
879,P. Candi Kusuma,2023,0,0
880,P. Candi Kusuma,2024,11730,0
881,Desa Wisata Gumbrih,2020,1463,32
882,Desa Wisata Gumbrih,2021,927,0
883,Desa Wisata Gumbrih,2022,14,0
884,Desa Wisata Gumbrih,2023,307,106
885,Desa Wisata Gumbrih,2024,0,28
886,Pantai Pekutatan,2020,686,50
887,Pantai Pekutatan,2021,103,0
888,Pantai Pekutatan,2022,519,7
889,Pantai Pekutatan,2023,1082,11
890,Pantai Pekutatan,2024,926,103
891,Desa Wisata Blimbingsari,2020,1175,43
892,Desa Wisata Blimbingsari,2021,708,0
893,Desa Wisata Blimbingsari,2022,2100,97
894,Desa Wisata Blimbingsari,2023,4112,1223
895,Desa Wisata Blimbingsari,2024,1219,2868
896,Desa Wisata Ekasari,2020,2497,0
897,Desa Wisata Ekasari,2021,5144,16
898,Desa Wisata Ekasari,2022,10978,7
899,Desa Wisata Ekasari,2023,13982,680
900,Desa Wisata Ekasari,2024,12698,524
901,Pantai Yeh Leh,2020,33941,232
902,Pantai Yeh Leh,2021,16585,23
903,Pantai Yeh Leh,2022,13467,96
904,Pantai Yeh Leh,2023,22161,183
905,Pantai Yeh Leh,2024,46543,246
906,Air Terjun Juwuk Manis,2020,2077,359
907,Air Terjun Juwuk Manis,2021,1834,61
908,Air Terjun Juwuk Manis,2022,1163,101
909,Air Terjun Juwuk Manis,2023,828,363
910,Air Terjun Juwuk Manis,2024,810,289
911,Green Cliff,2020,235,0
912,Green Cliff,2021,7,0
913,Green Cliff,2022,94,158
914,Green Cliff,2023,0,385
915,Green Cliff,2024,307,263
916,Puncak JR,2020,114,0
917,Puncak JR,2021,1430,8
918,Puncak JR,2022,944,0
919,Puncak JR,2023,555,0
920,Puncak JR,2024,898,0
921,Sungai Gelar,2020,5690,74
922,Sungai Gelar,2021,8826,218
923,Sungai Gelar,2022,28346,138
924,Sungai Gelar,2023,26850,788
925,Sungai Gelar,2024,55719,1069
926,Air Terjun Batu Belah,2020,114,0
927,Air Terjun Batu Belah,2021,4551,181
928,Air Terjun Batu Belah,2022,0,0
929,Air Terjun Batu Belah,2023,0,0
930,Air Terjun Batu Belah,2024,0,0
931,Bendungan Benel,2020,171,0
932,Bendungan Benel,2021,133,5
933,Bendungan Benel,2022,812,519
934,Bendungan Benel,2023,2645,640
935,Bendungan Benel,2024,2376,592
936,Desa Wisata Yeh Embang Kangin,2020,221,0
937,Desa Wisata Yeh Embang Kangin,2021,0,0
938,Desa Wisata Yeh Embang Kangin,2022,100,0
939,Desa Wisata Yeh Embang Kangin,2023,1607,0
940,Desa Wisata Yeh Embang Kangin,2024,90,0
941,Kolam Renang Delod Berawah,2020,0,0
942,Kolam Renang Delod Berawah,2021,9374,0
943,Kolam Renang Delod Berawah,2022,4732,0
944,Kolam Renang Delod Berawah,2023,5260,0
945,Kolam Renang Delod Berawah,2024,2816,0
946,Makam Tua Buyut Lebai,2020,127,0
947,Makam Tua Buyut Lebai,2021,215,0
948,Makam Tua Buyut Lebai,2022,819,0
949,Makam Tua Buyut Lebai,2023,2456,0
950,Makam Tua Buyut Lebai,2024,8564,0
951,Pura Gede Perancak,2020,607,0
952,Pura Gede Perancak,2021,2164,0
953,Pura Gede Perancak,2022,3387,0
954,Pura Gede Perancak,2023,4264,0
955,Pura Gede Perancak,2024,5288,0
956,Pantai Pangyangan,2020,0,0
957,Pantai Pangyangan,2021,25,0
958,Pantai Pangyangan,2022,896,0
959,Pantai Pangyangan,2023,1324,0
960,Pantai Pangyangan,2024,0,0
961,Rest Area Rambut Siwi ,2020,0,0
962,Rest Area Rambut Siwi ,2021,7996,0
963,Rest Area Rambut Siwi ,2022,6753,0
964,Rest Area Rambut Siwi ,2023,26846,392
965,Rest Area Rambut Siwi ,2024,17029,232
966,Desa Wisata Sangkaragung,2020,0,0
967,Desa Wisata Sangkaragung,2021,0,0
968,Desa Wisata Sangkaragung,2022,1736,0
969,Desa Wisata Sangkaragung,2023,727,0
970,Desa Wisata Sangkaragung,2024,352,0
971,Puncak Mawar ,2020,0,0
972,Puncak Mawar ,2021,218,10
973,Puncak Mawar ,2022,19,0
974,Puncak Mawar ,2023,0,0
975,Puncak Mawar ,2024,0,0
976,Makam Ustad Ali Bafaqih,2020,0,0
977,Makam Ustad Ali Bafaqih,2021,0,0
978,Makam Ustad Ali Bafaqih,2022,1375,0
979,Makam Ustad Ali Bafaqih,2023,3037,0
980,Makam Ustad Ali Bafaqih,2024,10943,0
981,Pantai Candi Kusuma ,2020,0,0
982,Pantai Candi Kusuma ,2021,0,0
983,Pantai Candi Kusuma ,2022,9527,0
984,Pantai Candi Kusuma ,2023,10711,0
985,Pantai Candi Kusuma ,2024,0,0
986,Nirwana Garden ,2020,0,0
987,Nirwana Garden ,2021,0,0
988,Nirwana Garden ,2022,0,0
989,Nirwana Garden ,2023,5464,0
990,Nirwana Garden ,2024,12120,0
991,Mantu Cager,2020,0,0
992,Mantu Cager,2021,0,0
993,Mantu Cager,2022,0,0
994,Mantu Cager,2023,1364,221
995,Mantu Cager,2024,1305,73
996,Tanah Lot,2020,376578,210987
997,Tanah Lot,2021,271020,5838
998,Tanah Lot,2022,880382,460689
999,Tanah Lot,2023,1200976,823953
1000,Tanah Lot,2024,1883557,819405
1001,Ulun Danu Beratan,2020,124766,74240
1002,Ulun Danu Beratan,2021,56860,346
1003,Ulun Danu Beratan,2022,138809,82321
1004,Ulun Danu Beratan,2023,323076,297831
1005,Ulun Danu Beratan,2024,326169,302807
1006,Kebun Raya Bedugul,2020,337211,9875
1007,Kebun Raya Bedugul,2021,0,0
1008,Kebun Raya Bedugul,2022,357516,7359
1009,Kebun Raya Bedugul,2023,450505,25598
1010,Kebun Raya Bedugul,2024,496333,34831
1011,Candi Puputan Margarana,2020,467,95
1012,Candi Puputan Margarana,2021,360730,1143
1013,Candi Puputan Margarana,2022,1731,130
1014,Candi Puputan Margarana,2023,16061,569
1015,Candi Puputan Margarana,2024,18191,3304
1016,Alas Kedaton,2020,2515,6772
1017,Alas Kedaton,2021,0,0
1018,Alas Kedaton,2022,4162,8753
1019,Alas Kedaton,2023,9923,24380
1020,Alas Kedaton,2024,7502,18866
1021,Air Panas Penatahan,2020,9007,258
1022,Air Panas Penatahan,2021,7151,79
1023,Air Panas Penatahan,2022,9354,1412
1024,Air Panas Penatahan,2023,11951,1905
1025,Air Panas Penatahan,2024,16659,1550
1026,Museum Subak,2020,363,192
1027,Museum Subak,2021,137,19
1028,Museum Subak,2022,1143,383
1029,Museum Subak,2023,358,416
1030,Museum Subak,2024,0,0
1031,Jati Luwih,2020,42367,46639
1032,Jati Luwih,2021,51092,1704
1033,Jati Luwih,2022,73242,110419
1034,Jati Luwih,2023,146475,256527
1035,Jati Luwih,2024,130359,301405
1036,Taman Kupu-Kupu,2020,349,384
1037,Taman Kupu-Kupu,2021,199,48
1038,Taman Kupu-Kupu,2022,608,443
1039,Taman Kupu-Kupu,2023,2394,3889
1040,Taman Kupu-Kupu,2024,1772,5844
1041,Pura Batu Karu,2020,0,3154
1042,Pura Batu Karu,2021,0,0
1043,Pura Batu Karu,2022,770,6712
1044,Pura Batu Karu,2023,0,25403
1045,Pura Batu Karu,2024,1482,21101
1046,Hutan Mekori ,2020,0,0
1047,Hutan Mekori ,2021,0,0
1048,Hutan Mekori ,2022,0,0
1049,Hutan Mekori ,2023,0,431
1050,Hutan Mekori ,2024,0,2
